GeneSet	N_genes	N_overlap	p	adjP	genes	link
GO_ESTABLISHMENT_OF_PROTEIN_LOCALIZATION	1412	295	2.93228520205e-14	7.33971868931e-11	RPL22:RERE:RCC2:RPL11:MACF1:RPS8:RPL5:TMED5:NRAS:PIP5K1A:SNX27:RAB13:SFT2D2:TPR:ARL8A:RAB7L1:RAB3GAP2:MIA3:RHOU:RAB4A:TSNAX:TOMM20:CHML:SMYD3:AHCTF1:H2AFY2:CAMK2G:AP3M1:RPS24:EIF5AL1:CEP55:SLC18A2:IPO7:RPS13:LIN7C:SNX32:PACS1:RAB6A:ARRB1:RAB30:RAB38:RDX:ARCN1:RPS25:SNX19:VPS26B:ERC1:TNFRSF1A:KRAS:IPO8:ARF3:RPL41:NACA:AGAP2:MON2:RAP1B:CEP290:GNPTAB:HSP90B1:IFT81:RPL6:VPS37B:RILPL2:TMED2:SLC15A4:XPO4:RPL21:COG6:COG3:VPS36:TBC1D4:IPO5:GAS6:SEC23A:STYX:SYNJ2BP:PSEN1:TMED10:TGFB3:VIPAS39:TTC7B:PACS2:HERC2:VPS39:AP4E1:RAB27A:NEDD4:RAB11A:RPL4:PML:SCAMP2:TBC1D2B:AP3S2:RPS2:GGA2:PRKCB:XPO6:VPS35:SNX20:BBS2:DDX19B:AP1G1:RAB34:GOSR1:RHOT1:RPL23:RPL19:JUP:STAT3:RUNDC1:KPNB1:TOM1L1:STXBP4:STRADA:RAB37:SLC9A3R1:GGA3:TBC1D16:RAB40B:ROCK1:SMAD2:RAB27B:LMAN1:VPS4B:ATP9B:USE1:RPL18A:UBA52:ACTN4:AKT2:TGFB1:KDELR1:RPL13A:RPS11:RPL28:ATP6V1C2:WDR35:ATP6V1E2:RPS27A:WDPCP:VPS54:PLEK:EXOC6B:HK2:TMEM150A:REEP1:CHMP3:EIF2AK3:RPL31:TBC1D8:TGFBRAP1:LIMS1:RALB:RAB3GAP1:BBS5:TLK1:TTC30B:TTC30A:AP1S3:DGKD:TRAF3IP1:RRBP1:SYS1:STX16:DOPEY2:PTTG1IP:PEX26:SNAP29:EIF4ENIF1:YWHAH:MICALL1:RFTN1:TBC1D5:NKIRAS1:RPL15:CLASP2:PDCD6IP:ACVR2B:RPL14:CTNNB1:PTPN23:RHOA:ARL6:RPL24:CBLB:IFT57:ADPRH:RABL3:DNAJC13:NMD3:ZMAT3:VPS8:SENP2:RBPJ:TBC1D1:RPL9:RHOH:EXOC1:SRP72:COX18:USO1:SEC31A:PPP3CA:TBCK:AP1AR:ANKRD50:RPS3A:RPL37:RAB3C:TNPO1:F2R:AP3B1:SCAMP1:MTX3:ZFYVE16:ATG10:SEC24A:H2AFY:CD74:RPS14:LCP2:NPM1:NEURL1B:RUFY1:CANX:MAPK9:SSR1:KIF13A:BTN3A2:BTN3A1:HIST1H1B:RPS18:RPL10A:PEX6:TRAM2:RAB23:CYB5R4:SEC63:TRAF3IP2:KPNA5:GOPC:RPS12:PEX7:STX11:STXBP5:SNX10:PLEKHA8:RALA:POM121:POM121C:YWHAG:ZP3:PEX1:SMURF1:COG5:IMMP2L:COPG2:RHOBTB2:FUT10:IKBKB:LYN:RPS20:RAB2A:ARFGEF1:TRAM1:RPL7:GDAP1:YWHAZ:ENY2:DENND4C:RPS6:IFT74:TOMM5:VPS13A:SYK:SNX30:ATP6V1G1:RAB14:RPL12:NUP214:RPL7A:SDCCAG3:SEC16A:NOTCH1:AP1S2:RP2:SNX12:RPS4X:CHM:TBC1D8B:RPL39:RAP2C:CD40LG:MTM1:RPL10	http://www.broadinstitute.org/gsea/msigdb/cards/GO_ESTABLISHMENT_OF_PROTEIN_LOCALIZATION
GO_RNA_CATABOLIC_PROCESS	226	75	3.30916081574e-14	7.33971868931e-11	RPL22:RPL11:PPP1R8:AGO4:AGO1:AGO3:THRAP3:PABPC4:RPS8:ZCCHC11:RPL5:UHMK1:SMG7:UPF2:RPS24:RPS13:PATL1:ATM:ZNF259:RPS25:EIF4B:RPL41:CNOT2:RPL6:RPL21:DIS3:UPF3A:ZFP36L1:DIS3L:RPL4:RPS2:CNOT1:RPL23:RPL19:CASC3:NT5C3B:RPL18A:UBA52:RPL13A:RPS11:RPL28:ZFP36L2:RPS27A:RPL31:CNOT11:XRN2:RPL15:RPL14:RPL24:RPL9:HNRNPD:CCRN4L:ABCE1:RPS3A:DROSHA:RPL37:PAIP1:PAPD4:PPP2CA:RPS14:CNOT6:RPS18:RPL10A:RPS12:CNOT7:RPS20:RPL7:EIF3E:RPS6:RPL12:RPL7A:GSPT2:RPS4X:RPL39:RPL10	http://www.broadinstitute.org/gsea/msigdb/cards/GO_RNA_CATABOLIC_PROCESS
GO_ESTABLISHMENT_OF_LOCALIZATION_IN_CELL	1660	335	6.51830351495e-14	9.63839813077e-11	RPL22:RERE:PIK3CD:KIF1B:RPL11:SRRM1:SLC9A1:MACF1:RPS8:RPL5:GOLPH3L:PIP5K1A:SNX27:THEM4:RAB13:KIFAP3:SMG7:TPR:PTPRC:ATP2B4:RAB7L1:FLVCR1:RAB3GAP2:MIA3:TP53BP2:RHOU:RAB4A:TOMM20:CHML:UPF2:NMT2:AP3M1:RPS24:HHEX:CEP55:SLC18A2:IPO7:RPS13:LIN7C:PAX6:ATL3:PACS1:RAB6A:UVRAG:RAB30:PICALM:RAB38:CTSC:ATM:ARCN1:RPS25:VPS26B:ERC1:LRP6:LRMP:KRAS:ITPR2:IPO8:ARF3:TUBA1A:HNRNPA1:SARNP:RPL41:KIF5A:MON2:RAP1B:EEA1:GNPTAB:HSP90B1:ACACB:IFT81:ATP2A2:RPL6:SRSF9:VPS37B:RILPL2:TMED2:XPO4:RPL21:COG6:SLC25A30:COG3:VPS36:TBC1D4:IPO5:TFDP1:GAS6:UPF3A:SEC23A:ERO1L:STYX:HIF1A:SYNJ2BP:PSEN1:TMED10:TGFB3:VIPAS39:STON2:DYNC1H1:KLC1:PACS2:HERC2:RYR3:EHD4:VPS39:SPG11:AP4E1:RAB27A:NEDD4:RAB11A:RPL4:ANP32A:PML:SCAMP2:TBC1D2B:AP3S2:RAB11FIP3:RPS2:MPV17L:GGA2:XPO6:VPS35:BBS2:DDX19B:AP1G1:PLCG2:TP53:NTN1:LLGL1:RAB34:MYO18A:GOSR1:NF1:RHOT1:ACACA:RPL23:RPL19:CASC3:STAT3:RUNDC1:KPNB1:TOM1L1:STXBP4:STRADA:RAB37:SLC9A3R1:GGA3:TBC1D16:ALYREF:RAB40B:RAB27B:MALT1:LMAN1:VPS4B:ATP9B:USE1:RPL18A:UBA52:ACTN4:AKT2:TGFB1:KDELR1:RPL13A:RPS11:RPL28:WDR35:KIF3C:WDR43:SPAST:RPS27A:VPS54:ACTR2:ALMS1:HK2:TGOLN2:CHMP3:RPL31:TBC1D8:TGFBRAP1:RALB:BBS5:TLK1:SLC25A12:ATF2:TTC30B:TTC30A:CASP8:AP1S3:TRAF3IP1:KIF16B:KIF3B:SRSF6:SYS1:BCAS4:VAPB:STX16:CTSZ:APP:DOPEY2:PTTG1IP:PEX26:SNAP29:YWHAH:HMGXB4:MICALL1:PICK1:SMDT1:ANKRD28:RFTN1:TBC1D5:RPL15:CLASP2:PDCD6IP:RPL14:CTNNB1:MAP4:RBM15B:ARL6:RPL24:CBLB:IFT57:ADPRH:ATP2C1:NMD3:FYTTD1:HTT:TBC1D1:RPL9:FIP1L1:KIT:EXOC1:SRP72:COX18:USO1:NAAA:SEC31A:PKD2:PPP3CA:TBCK:CCDC109B:AP1AR:ANKRD50:RPS3A:MYO10:RPL37:RAB3C:KIF2A:TNPO1:F2R:AP3B1:SCAMP1:ARSB:MTX3:ZFYVE16:RHOBTB3:KIF3A:SEC24A:CD74:RPS14:GEMIN5:NPM1:ERGIC1:CANX:MAPK9:SSR1:MCUR1:DTNBP1:KIF13A:RPS18:RPL10A:PEX6:TRAM2:RAB23:IBTK:SEC63:KPNA5:GOPC:RPS12:PEX7:STX11:CYTH3:PLEKHA8:RALA:POM121:POM121C:YWHAG:ZP3:PEX1:SMURF1:COG5:IMMP2L:COPG2:CREB3L2:PRKAG2:FUT10:HGSNAT:TGS1:LYN:RPS20:RAB2A:TRAM1:TERF1:RPL7:GDAP1:YWHAZ:SLC25A32:ENY2:TRAPPC9:DENND3:NRBP2:PSIP1:RPS6:IFT74:UNC13B:TOMM5:VPS13A:SYK:BICD2:RAB14:RPL12:SET:NUP214:RPL7A:SDCCAG3:SEC16A:AP1S2:RP2:RPS4X:CHM:TBC1D8B:RPL39:THOC2:RBMX2:MTM1:RPL10	http://www.broadinstitute.org/gsea/msigdb/cards/GO_ESTABLISHMENT_OF_LOCALIZATION_IN_CELL
GO_NUCLEAR_TRANSCRIBED_MRNA_CATABOLIC_PROCESS_NONSENSE_MEDIATED_DECAY	117	47	4.69198792632e-13	5.20341461029e-10	RPL22:RPL11:RPS8:RPL5:UHMK1:SMG7:UPF2:RPS24:RPS13:RPS25:RPL41:RPL6:RPL21:UPF3A:RPL4:RPS2:RPL23:RPL19:CASC3:RPL18A:UBA52:RPL13A:RPS11:RPL28:RPS27A:RPL31:RPL15:RPL14:RPL24:RPL9:RPS3A:RPL37:PPP2CA:RPS14:RPS18:RPL10A:RPS12:RPS20:RPL7:EIF3E:RPS6:RPL12:RPL7A:GSPT2:RPS4X:RPL39:RPL10	http://www.broadinstitute.org/gsea/msigdb/cards/GO_NUCLEAR_TRANSCRIBED_MRNA_CATABOLIC_PROCESS_NONSENSE_MEDIATED_DECAY
GO_ESTABLISHMENT_OF_PROTEIN_LOCALIZATION_TO_ENDOPLASMIC_RETICULUM	103	43	8.12871244789e-13	6.32198817309e-10	RPL22:RPL11:RPS8:RPL5:RAB3GAP2:RPS24:RPS13:RPS25:RPL41:RPL6:RPL21:RPL4:RPS2:RPL23:RPL19:RPL18A:UBA52:RPL13A:RPS11:RPL28:RPS27A:RPL31:RAB3GAP1:RPL15:RPL14:RPL24:RPL9:SRP72:RPS3A:RPL37:RPS14:RPS18:RPL10A:SEC63:RPS12:RPS20:RPL7:RPS6:RPL12:RPL7A:RPS4X:RPL39:RPL10	http://www.broadinstitute.org/gsea/msigdb/cards/GO_ESTABLISHMENT_OF_PROTEIN_LOCALIZATION_TO_ENDOPLASMIC_RETICULUM
GO_RIBONUCLEOPROTEIN_COMPLEX_BIOGENESIS	434	115	8.55093080219e-13	6.32198817309e-10	RPL22:NOL9:RPL11:AGO4:AGO1:AGO3:RPS8:NSUN4:RPF1:ZNHIT6:RBMXL1:RPL5:DIEXF:HEATR1:TFB2M:BMS1:RPS24:EIF3A:RPS13:EIF3M:PATL1:PRPF19:SF1:SART1:RPS25:WBP11:SCAF11:EIF4B:RPL41:KRR1:UTP20:RPL6:SRSF9:DDX51:RPL21:DIS3:DICER1:DYNC1H1:EIF3J:RSL24D1:DIS3L:RPL4:TSR3:RPS2:TXNL4B:PRPF8:RPL23:RPL19:LUC7L3:TXNL4A:CIRBP:RPL18A:UBA52:FBL:RPL13A:RPS11:RPL28:WDR43:RPS27A:PNO1:MPHOSPH10:GCFC2:RPL31:XRN2:SRSF6:EIF3L:RPL15:RPL14:LIMD1:MINA:RPL24:EIF2A:NMD3:NOP14:RPL9:NOA1:UTP3:CCRN4L:RPS3A:NAF1:DROSHA:RPL37:DIMT1:NSA2:SRFBP1:RPS14:GEMIN5:NPM1:RPP40:RIOK1:RPS18:RPL10A:RPL7L1:MDN1:RPS12:GTPBP10:SRPK2:CNOT7:TGS1:RPS20:RPL7:EIF3E:EIF3H:UTP23:PSIP1:RPS6:ZNF658:NOL8:RPL12:RPL7A:ZRSR2:EIF2S3:RPS4X:RPL39:RPL10	http://www.broadinstitute.org/gsea/msigdb/cards/GO_RIBONUCLEOPROTEIN_COMPLEX_BIOGENESIS
GO_PROTEIN_LOCALIZATION	1792	351	1.06685738608e-12	6.76082766379e-10	RPL22:RERE:RCC2:RPL11:ZDHHC18:MACF1:RPS8:FAF1:SCP2:RPL5:TMED5:NRAS:PIP5K1A:SNX27:RAB13:SFT2D2:KIFAP3:TOR1AIP1:TPR:ARL8A:RAB7L1:RAB3GAP2:MIA3:RHOU:RAB4A:TSNAX:TOMM20:CHML:SMYD3:AHCTF1:TAF3:MPP7:H2AFY2:CAMK2G:AP3M1:RPS24:EIF5AL1:HHEX:CEP55:FAM178A:SUFU:SLC18A2:CD81:IPO7:RPS13:LIN7C:PAX6:PRPF19:SNX32:PACS1:RAB6A:C2CD3:ARRB1:RAB30:RAB38:RDX:ARCN1:RPS25:SNX19:VPS26B:ERC1:AKAP3:TNFRSF1A:CD4:LRP6:KRAS:IPO8:TWF1:ARF3:RPL41:NACA:KIF5A:AGAP2:MON2:RAP1B:CEP290:CCDC41:GNPTAB:HSP90B1:IFT81:RPL6:VPS37B:RILPL2:TMED2:SLC15A4:XPO4:RPL21:COG6:COG3:RB1:VPS36:TBC1D4:IPO5:GAS6:SEC23A:FRMD6:STYX:GPHN:SYNJ2BP:PSEN1:MLH3:TMED10:TGFB3:VIPAS39:SPATA7:TTC7B:PACS2:HERC2:VPS39:AP4E1:RAB27A:NEDD4:RAB11A:RPL4:PML:SCAMP2:TBC1D2B:AP3S2:RAB11FIP3:RPS2:GGA2:PRKCB:XPO6:VPS35:SNX20:BBS2:TERF2:DDX19B:AP1G1:TP53:AKAP10:RAB34:GOSR1:RHOT1:RPL23:RPL19:THRA:JUP:STAT3:RUNDC1:KPNB1:SKAP1:TOM1L1:STXBP4:STRADA:RAB37:SLC9A3R1:GGA3:TBC1D16:RAB40B:ROCK1:SMAD2:RAB27B:LMAN1:VPS4B:ATP9B:USE1:RPL18A:UBA52:ACTN4:AKT2:TGFB1:KDELR1:RPL13A:RPS11:RPL28:ATP6V1C2:WDR35:ATP6V1E2:RPS27A:WDPCP:VPS54:PLEK:EXOC6B:HK2:TMEM150A:REEP1:CHMP3:EIF2AK3:RPL31:TBC1D8:TGFBRAP1:LIMS1:RALB:RAB3GAP1:BBS5:TLK1:TTC30B:TTC30A:AP1S3:DGKD:TRAF3IP1:RRBP1:SYS1:STX16:DOPEY2:PTTG1IP:PEX26:SNAP29:EIF4ENIF1:YWHAH:MICALL1:PICK1:RFTN1:TBC1D5:NKIRAS1:RPL15:CLASP2:PDCD6IP:ACVR2B:RPL14:CTNNB1:PTPN23:RHOA:FLNB:ARL6:RPL24:CBLB:IFT57:ZDHHC23:ADPRH:RABL3:DNAJC13:ATR:NMD3:TNIK:ZMAT3:VPS8:SENP2:KCNIP4:RBPJ:TBC1D1:RPL9:RHOH:TMEM33:EXOC1:SRP72:COX18:USO1:SEC31A:PKD2:PPP3CA:TBCK:AP1AR:ANKRD50:RPS3A:RPL37:RAB3C:TNPO1:F2R:AP3B1:SCAMP1:MTX3:ZFYVE16:ATG10:SEC24A:H2AFY:DIAPH1:CD74:RPS14:LCP2:NPM1:NEURL1B:DBN1:RUFY1:CANX:MAPK9:SSR1:KIF13A:BTN3A2:BTN3A1:HIST1H1B:RPS18:RPL10A:TAF8:PEX6:TRAM2:RAB23:CYB5R4:SEC63:TRAF3IP2:KPNA5:GOPC:AKAP7:RPS12:AHI1:MAP7:PEX7:STX11:STXBP5:LATS1:TULP4:MIOS:SCIN:SNX10:PLEKHA8:RALA:POM121:POM121C:YWHAG:ZP3:PEX1:SMURF1:COG5:IMMP2L:COPG2:RHOBTB2:FUT10:IKBKB:FNTA:LYN:RPS20:RAB2A:ARFGEF1:TRAM1:RPL7:GDAP1:YWHAZ:ENY2:FAM83H:CNTLN:DENND4C:RPS6:IFT74:TLN1:TOMM5:VPS13A:SYK:SNX30:ATP6V1G1:RAB14:RPL12:NUP214:RPL7A:NACC2:SDCCAG3:SEC16A:NOTCH1:MID1:AP1S2:RP2:SNX12:RPS4X:CHM:ARMCX3:TBC1D8B:RPL39:RAP2C:CD40LG:MTM1:RPL10	http://www.broadinstitute.org/gsea/msigdb/cards/GO_PROTEIN_LOCALIZATION
GO_INTRACELLULAR_PROTEIN_TRANSPORT	775	177	2.58366011179e-12	1.43263953199e-09	RPL22:RERE:RPL11:MACF1:RPS8:RPL5:PIP5K1A:SNX27:RAB13:TPR:RAB7L1:RAB3GAP2:RHOU:RAB4A:TOMM20:CHML:AP3M1:RPS24:IPO7:RPS13:PACS1:RAB6A:RAB30:RAB38:ARCN1:RPS25:VPS26B:KRAS:IPO8:RPL41:RAP1B:GNPTAB:HSP90B1:IFT81:RPL6:RILPL2:TMED2:XPO4:RPL21:COG3:VPS36:TBC1D4:IPO5:GAS6:SEC23A:STYX:SYNJ2BP:TMED10:TGFB3:VIPAS39:PACS2:HERC2:VPS39:AP4E1:RAB27A:NEDD4:RAB11A:RPL4:PML:TBC1D2B:AP3S2:RPS2:GGA2:XPO6:VPS35:BBS2:AP1G1:RAB34:RPL23:RPL19:STAT3:RUNDC1:KPNB1:TOM1L1:STXBP4:STRADA:RAB37:GGA3:TBC1D16:RAB40B:RAB27B:LMAN1:RPL18A:UBA52:AKT2:TGFB1:KDELR1:RPL13A:RPS11:RPL28:WDR35:RPS27A:RPL31:TBC1D8:TGFBRAP1:RALB:TLK1:TTC30B:TTC30A:AP1S3:TRAF3IP1:SYS1:STX16:PTTG1IP:PEX26:YWHAH:MICALL1:RFTN1:TBC1D5:RPL15:RPL14:CTNNB1:ARL6:RPL24:CBLB:IFT57:ADPRH:TBC1D1:RPL9:SRP72:USO1:PPP3CA:TBCK:RPS3A:RPL37:RAB3C:TNPO1:F2R:AP3B1:MTX3:ZFYVE16:SEC24A:CD74:RPS14:NPM1:MAPK9:SSR1:KIF13A:RPS18:RPL10A:PEX6:TRAM2:RAB23:SEC63:KPNA5:RPS12:PEX7:STX11:RALA:YWHAG:ZP3:PEX1:SMURF1:IMMP2L:COPG2:FUT10:RPS20:RAB2A:TRAM1:RPL7:GDAP1:YWHAZ:RPS6:IFT74:TOMM5:VPS13A:SYK:RAB14:RPL12:NUP214:RPL7A:AP1S2:RPS4X:CHM:TBC1D8B:RPL39:RPL10	http://www.broadinstitute.org/gsea/msigdb/cards/GO_INTRACELLULAR_PROTEIN_TRANSPORT
GO_TRANSLATIONAL_INITIATION	143	52	3.53216784352e-12	1.74096628376e-09	RPL22:EIF4G3:RPL11:RPS8:RPL5:RPS24:EIF3A:RPS13:EIF3M:RPS25:EIF4B:RPL41:RPL6:RPL21:EIF3J:RPL4:RPS2:RPL23:RPL19:RPL18A:UBA52:RPL13A:RPS11:RPL28:RPS27A:EIF5B:RPL31:EIF3L:RPL15:RPL14:RPL24:EIF2A:RPL9:RPS3A:RPL37:PAIP1:RPS14:RPS18:RPL10A:RPS12:RPS20:RPL7:EIF3E:EIF3H:RPS6:RPL12:RPL7A:EIF1AX:EIF2S3:RPS4X:RPL39:RPL10	http://www.broadinstitute.org/gsea/msigdb/cards/GO_TRANSLATIONAL_INITIATION
GO_CELLULAR_MACROMOLECULE_LOCALIZATION	1225	254	4.80384637084e-12	2.1309862501e-09	RPL22:RERE:RCC2:RPL11:ZDHHC18:MACF1:RPS8:FAF1:SCP2:RPL5:NRAS:PIP5K1A:SNX27:RAB13:TOR1AIP1:TPR:RAB7L1:RAB3GAP2:RHOU:RAB4A:TOMM20:CHML:TAF3:H2AFY2:AP3M1:RPS24:HHEX:FAM178A:SUFU:CD81:IPO7:RPS13:LIN7C:PAX6:PRPF19:PACS1:RAB6A:C2CD3:RAB30:RAB38:ATM:RDX:ARCN1:RPS25:VPS26B:TNFRSF1A:CD4:LRP6:KRAS:IPO8:TWF1:ZNF385A:RPL41:RAP1B:CCDC41:GNPTAB:HSP90B1:IFT81:RPL6:RILPL2:TMED2:XPO4:RPL21:COG3:RB1:VPS36:TBC1D4:IPO5:GAS6:SEC23A:FRMD6:STYX:GPHN:SYNJ2BP:TMED10:TGFB3:VIPAS39:SPATA7:TTC7B:PACS2:HERC2:VPS39:AP4E1:RAB27A:NEDD4:RAB11A:RPL4:PML:TBC1D2B:AP3S2:RAB11FIP3:RPS2:GGA2:XPO6:VPS35:BBS2:TERF2:AP1G1:TP53:RAB34:RPL23:RPL19:THRA:CASC3:JUP:STAT3:RUNDC1:KPNB1:SKAP1:TOM1L1:STXBP4:STRADA:RAB37:SLC9A3R1:GGA3:TBC1D16:RAB40B:ROCK1:RAB27B:LMAN1:ATP9B:RPL18A:UBA52:AKT2:TGFB1:KDELR1:RPL13A:RPS11:RPL28:WDR35:RPS27A:HK2:TMEM150A:REEP1:RPL31:TBC1D8:TGFBRAP1:RALB:RAB3GAP1:TLK1:TTC30B:TTC30A:AP1S3:TRAF3IP1:SYS1:STX16:PTTG1IP:PEX26:YWHAH:MICALL1:PICK1:RFTN1:TBC1D5:RPL15:CLASP2:RPL14:CTNNB1:FLNB:ARL6:RPL24:CBLB:IFT57:ZDHHC23:ADPRH:ATR:TNIK:KCNIP4:TBC1D1:RPL9:TMEM33:EXOC1:SRP72:COX18:USO1:PKD2:PPP3CA:TBCK:AP1AR:RPS3A:RPL37:RAB3C:TNPO1:F2R:AP3B1:MTX3:ZFYVE16:SEC24A:H2AFY:DIAPH1:CD74:RPS14:NPM1:DBN1:MAPK9:SSR1:KIF13A:HIST1H1B:RPS18:RPL10A:TAF8:PEX6:TRAM2:RAB23:SEC63:KPNA5:GOPC:RPS12:AHI1:MAP7:PEX7:STX11:LATS1:TULP4:MIOS:SCIN:SNX10:RALA:YWHAG:ZP3:PEX1:SMURF1:IMMP2L:COPG2:FUT10:IKBKB:FNTA:RPS20:RAB2A:TRAM1:RPL7:GDAP1:YWHAZ:FAM83H:CNTLN:DENND4C:RPS6:IFT74:TLN1:TOMM5:VPS13A:SYK:RAB14:RPL12:NUP214:RPL7A:NACC2:MID1:AP1S2:RPS4X:CHM:ARMCX3:TBC1D8B:RPL39:RPL10	http://www.broadinstitute.org/gsea/msigdb/cards/GO_CELLULAR_MACROMOLECULE_LOCALIZATION
GO_PROTEIN_TARGETING_TO_MEMBRANE	156	54	1.39018083541e-11	5.60622016898e-09	RPL22:RPL11:RPS8:RPL5:PIP5K1A:RPS24:RPS13:PACS1:RPS25:RPL41:RPL6:TMED2:RPL21:GAS6:PACS2:RPL4:RPS2:RPL23:RPL19:RPL18A:UBA52:RPL13A:RPS11:RPL28:RPS27A:RPL31:PEX26:MICALL1:RPL15:RPL14:ARL6:RPL24:RPL9:SRP72:RPS3A:RPL37:RPS14:SSR1:RPS18:RPL10A:TRAM2:SEC63:RPS12:SMURF1:RPS20:TRAM1:RPL7:RPS6:RPL12:RPL7A:RPS4X:CHM:RPL39:RPL10	http://www.broadinstitute.org/gsea/msigdb/cards/GO_PROTEIN_TARGETING_TO_MEMBRANE
GO_MULTI_ORGANISM_METABOLIC_PROCESS	137	49	2.75798747258e-11	1.0195360357e-08	RPL22:RPL11:RPS8:RPL5:TPR:RPS24:EIF3A:RPS13:RPS25:RPL41:RPL6:RPL21:EIF2AK4:MAP2K1:RPL4:RPS2:RPL23:RPL19:RPL18A:UBA52:USF2:RPL13A:RPS11:RPL28:RPS27A:RPL31:CCNT2:EIF3L:RPL15:RPL14:RPL24:RPL9:RPS3A:RPL37:RPS14:RPS18:RPL10A:RPS12:POM121:POM121C:RPS20:RPL7:RPS6:RPL12:NUP214:RPL7A:RPS4X:RPL39:RPL10	http://www.broadinstitute.org/gsea/msigdb/cards/GO_MULTI_ORGANISM_METABOLIC_PROCESS
GO_ESTABLISHMENT_OF_PROTEIN_LOCALIZATION_TO_MEMBRANE	261	76	3.92839841648e-11	1.2834417059e-08	RPL22:RPL11:MACF1:RPS8:RPL5:PIP5K1A:RAB13:RAB3GAP2:RPS24:RPS13:PACS1:RDX:RPS25:TNFRSF1A:RPL41:RPL6:RILPL2:TMED2:RPL21:GAS6:TTC7B:PACS2:RAB11A:RPL4:RPS2:BBS2:RAB34:RPL23:RPL19:JUP:SLC9A3R1:ROCK1:RPL18A:UBA52:RPL13A:RPS11:RPL28:RPS27A:TMEM150A:REEP1:RPL31:RAB3GAP1:SYS1:PEX26:MICALL1:RFTN1:RPL15:CLASP2:RPL14:ARL6:RPL24:RPL9:SRP72:COX18:RPS3A:RPL37:RPS14:SSR1:KIF13A:RPS18:RPL10A:TRAM2:SEC63:RPS12:SMURF1:IKBKB:RPS20:TRAM1:RPL7:RPS6:RPL12:RPL7A:RPS4X:CHM:RPL39:RPL10	http://www.broadinstitute.org/gsea/msigdb/cards/GO_ESTABLISHMENT_OF_PROTEIN_LOCALIZATION_TO_MEMBRANE
GO_MACROMOLECULE_CATABOLIC_PROCESS	914	197	4.05053739465e-11	1.2834417059e-08	RPL22:USP48:RPL11:SLC9A1:PPP1R8:AGO4:AGO1:AGO3:THRAP3:PABPC4:RPS8:FAF1:ZCCHC11:PGM1:CTBS:RPL5:AGL:UHMK1:SMG7:EDEM3:CAPN2:UPF2:YME1L1:RPS24:HECTD2:ERLIN1:ATE1:RPS13:PATL1:PRPF19:CTSW:ARRB1:UVRAG:CTSC:CUL5:ATM:ZNF259:UBE4A:RPS25:KLHL42:EIF4B:RPL41:CNOT2:USP44:HSP90B1:USP30:KCTD10:RPL6:RPL21:VPS36:DIS3:DNAJC3:CDC16:UPF3A:PSMA6:PYGL:ZFP36L1:PSMC1:CALM1:DICER1:MTA1:HERC2:NEDD4:RNF111:DIS3L:RPL4:CLN6:PML:RPS2:KCTD13:PHKB:CNOT1:ZNRF1:GAN:UBE2G1:TP53:USP22:RPL23:RPL19:CASC3:NT5C3B:KPNB1:UBE2Z:TOM1L1:TRIM25:CCDC47:USP36:VPS4B:SOCS6:USE1:RPL18A:UBA52:TGFB1:RPL13A:RPS11:RPL28:UBE2S:RNF144A:ZFP36L2:RPS27A:PCYOX1:RPL31:CNOT11:ANAPC1:UBXN4:SPOPL:DNAJC10:CASP8:USP40:RNF24:KIF16B:XRN2:CTSZ:USP16:TTC3:BACE2:ZNRF3:SETMAR:TATDN2:UBE2E1:RPL15:STT3B:FBXL2:PDCD6IP:RPL14:CTNNB1:PTPN23:RPL24:USP13:RNF168:FBXO45:FBXL5:RPL9:UBE2K:USP46:CLOCK:RCHY1:HNRNPD:KLHL8:HERC5:HERC3:CCRN4L:ABCE1:RPS3A:DROSHA:RPL37:PAIP1:ARSB:PAPD4:LNPEP:APC:PPP2CA:UBE2D2:RPS14:CNOT6:RIPK1:RNF144B:RPS18:RPL10A:UBE2J1:KLHL32:USP45:HACE1:RPS12:RNF216:CPVL:ANKIB1:SMURF1:CNOT7:ERLIN2:HGSNAT:LYPLA1:RPS20:UBXN2B:RPL7:WWP1:TMEM67:EIF3E:DENND3:RPS6:RNF38:FBXO10:RP11-613M10.8:KIAA0368:TRIM32:RPL12:RPL7A:GYG2:TBL1X:PHKA2:GSPT2:AMER1:PJA1:RPS4X:RLIM:UBE2A:RPL39:RPL10	http://www.broadinstitute.org/gsea/msigdb/cards/GO_MACROMOLECULE_CATABOLIC_PROCESS
GO_MRNA_METABOLIC_PROCESS	601	141	5.59562825298e-11	1.65481379535e-08	RPL22:RPL11:SRRM1:PPP1R8:KHDRBS1:AGO4:AGO1:AGO3:THRAP3:RPS8:PRPF38A:ZCCHC11:RBMXL1:RPL5:RNPC3:PRPF38B:UHMK1:SMG7:CELF2:UPF2:RPS24:SMNDC1:RPS13:CSTF3:PATL1:PRPF19:CPSF7:SF1:SART1:ATM:ZNF259:RPS25:WBP11:SCAF11:PRPF40B:EIF4B:HNRNPA1:SARNP:RPL41:CNOT2:RPL6:SRSF9:SAP18:RPL21:HNRNPA1L2:DIS3:RBM26:UPF3A:ACIN1:PNN:ZFP36L1:LEO1:PDCD7:DIS3L:RPL4:RPS2:CNOT1:TXNL4B:PRPF8:SUPT6H:RPL23:RPL19:CASC3:NT5C3B:LUC7L3:ALYREF:RNMT:TXNL4A:ELAVL1:RPL18A:UBA52:SNRNP70:RPL13A:RPS11:SCAF1:RPL28:HNRNPLL:ZFP36L2:RPS27A:GCFC2:RPL31:CNOT11:HNRNPA3:PPIL3:XRN2:SRSF6:APP:ADARB1:RBFOX2:RPL15:RPL14:RBM15B:RPL24:TRA2B:RPL9:FIP1L1:HNRNPD:CCRN4L:RPS3A:RPL37:PAIP1:SREK1IP1:CWC27:PAPD4:PPP2CA:DDX46:HNRNPA0:RBM27:RPS14:GEMIN5:LSM11:CNOT6:PRPF4B:SNRNP48:RPS18:RPL10A:CDC5L:SYNCRIP:RPS12:SRPK2:RBM28:CNOT7:TGS1:RPS20:RPL7:KIAA1429:EIF3E:PSIP1:RPS6:PTBP3:RPL12:RPL7A:ZRSR2:GSPT2:NONO:RPS4X:RPL39:THOC2:RBMX2:HTATSF1:RPL10	http://www.broadinstitute.org/gsea/msigdb/cards/GO_MRNA_METABOLIC_PROCESS
GO_CELLULAR_CATABOLIC_PROCESS	1305	262	7.749304625e-11	2.14849470728e-08	RPL22:USP48:RPL11:PPP1R8:SMPDL3B:AGO4:AGO1:AGO3:THRAP3:PABPC4:RPS8:FAF1:ZCCHC11:SCP2:PGM1:CRYZ:RPL5:AGL:DBT:GSTM4:GSTM2:GSTM1:GSTM3:UHMK1:FMO4:SMG7:EDEM3:PLA2G4A:RNPEP:CAPN2:EPHX1:UPF2:YME1L1:ADO:SGPL1:PCBD1:RPS24:GLUD1:HECTD2:ERLIN1:INPP5F:ATE1:ACADSB:PDE3B:RPS13:PATL1:PRPF19:CTSW:LRTOMT:NEU3:ARRB1:UVRAG:CTSC:CUL5:ATM:ZNF259:UBE4A:RPS25:BCAT1:KLHL42:EIF4B:RPL41:GLS2:CYP27B1:CNOT2:USP44:HSP90B1:USP30:KCTD10:RPL6:RPL21:ESD:VPS36:DIS3:DNAJC3:PCCA:CDC16:UPF3A:DTD2:PSMA6:PYGL:ZFP36L1:DLST:PSMC1:CALM1:DICER1:MTA1:HERC2:DUOX1:SLC27A2:NEDD4:RNF111:DIS3L:RPL4:CLN6:PML:ABHD2:RPS2:KCTD13:PHKB:CNOT1:ZNRF1:GAN:PLCG2:MLYCD:UBE2G1:TP53:ADPRM:ALDH3A2:USP22:RPL23:RPL19:CASC3:NT5C3B:KPNB1:UBE2Z:TOM1L1:TRIM25:CCDC47:ACOX1:USP36:VPS4B:SOCS6:CYP4F11:RPL18A:UBA52:TGFB1:RPL13A:RPS11:RPL28:UBE2S:RNF144A:LPIN1:NT5C1B:ZFP36L2:RPS27A:PCYOX1:RPL31:CNOT11:ANAPC1:UBXN4:SPOPL:KYNU:GPD2:DNAJC10:HIBCH:GLS:CASP8:USP40:RNF24:KIF16B:DTD1:XRN2:SAMHD1:CTSZ:USP16:TTC3:PRODH:ZNRF3:APOBEC3F:SETMAR:TATDN2:UBE2E1:RPL15:STT3B:FBXL2:PDCD6IP:RPL14:CTNNB1:PTPN23:ABHD6:RPL24:ABHD10:MGLL:USP13:EHHADH:RNF168:FBXO45:FBXL5:RPL9:UBE2K:USP46:CLOCK:RCHY1:HNRNPD:KLHL8:NUDT9:PPM1K:HERC5:HERC3:BDH2:PDE5A:CCRN4L:ABCE1:MMAA:RPS3A:MTRR:DROSHA:AMACR:RPL37:PAIP1:MCCC2:PDE8B:ARSB:PAPD4:ERAP1:ERAP2:LNPEP:APC:PPP2CA:UBE2D2:RPS14:GM2A:CNOT6:RIPK1:RNF144B:RPS18:NUDT3:RPL10A:ENPP4:BCKDHB:UBE2J1:KLHL32:USP45:HACE1:RPS12:PEX7:RNF216:CPVL:CROT:ANKIB1:SMURF1:CNOT7:EPHX2:ERLIN2:RPS20:UBXN2B:RPL7:FABP5:WWP1:TMEM67:CPQ:EIF3E:DENND3:RPS6:RNF38:FBXO10:RP11-613M10.8:KIAA0368:TRIM32:RPL12:RPL7A:GYG2:TBL1X:PHKA2:MAOA:GSPT2:AMER1:RPS4X:RLIM:UBE2A:RPL39:RPL10	http://www.broadinstitute.org/gsea/msigdb/cards/GO_CELLULAR_CATABOLIC_PROCESS
GO_PROTEIN_LOCALIZATION_TO_ENDOPLASMIC_RETICULUM	122	44	1.77814717997e-10	4.63991817079e-08	RPL22:RPL11:RPS8:RPL5:RAB3GAP2:RPS24:RPS13:RPS25:RPL41:RPL6:RPL21:RPL4:RPS2:RPL23:RPL19:RPL18A:UBA52:KDELR1:RPL13A:RPS11:RPL28:RPS27A:RPL31:RAB3GAP1:RPL15:RPL14:RPL24:RPL9:SRP72:RPS3A:RPL37:RPS14:RPS18:RPL10A:SEC63:RPS12:RPS20:RPL7:RPS6:RPL12:RPL7A:RPS4X:RPL39:RPL10	http://www.broadinstitute.org/gsea/msigdb/cards/GO_PROTEIN_LOCALIZATION_TO_ENDOPLASMIC_RETICULUM
GO_RRNA_METABOLIC_PROCESS	252	72	3.13851902079e-10	7.73470576457e-08	RPL22:NOL9:RPL11:RPS8:NSUN4:RPF1:RPL5:DIEXF:HEATR1:TFB2M:BMS1:RPS24:RPS13:SART1:RPS25:WBP11:RPL41:KRR1:UTP20:RPL6:DDX51:RPL21:DIS3:DIS3L:RPL4:TSR3:RPS2:RPL23:RPL19:RPL18A:UBA52:FBL:RPL13A:RPS11:RPL28:WDR43:RPS27A:PNO1:MPHOSPH10:RPL31:NIFK:XRN2:RPL15:RPL14:RPL24:NOP14:RPL9:UTP3:RPS3A:NAF1:DROSHA:RPL37:DIMT1:NSA2:SRFBP1:RPS14:RPP40:RIOK1:RPS18:RPL10A:RPL7L1:RPS12:RPS20:RPL7:UTP23:RPS6:NOL8:RPL12:RPL7A:RPS4X:RPL39:RPL10	http://www.broadinstitute.org/gsea/msigdb/cards/GO_RRNA_METABOLIC_PROCESS
GO_RNA_PROCESSING	822	176	7.54249828862e-10	1.7609748636e-07	RPL22:NOL9:RPL11:SRRM1:PPP1R8:KHDRBS1:AGO4:AGO1:AGO3:THRAP3:PABPC4:RPS8:NSUN4:PRPF38A:ZCCHC11:TYW3:RPF1:RBMXL1:RPL5:RNPC3:PRPF38B:DIEXF:TARBP1:HEATR1:TFB2M:CELF2:TRDMT1:BMS1:RPS24:SMNDC1:RPS13:CSTF3:PRPF19:CPSF7:SF1:SART1:ALKBH8:ZNF259:RPS25:WBP11:PUS7L:SCAF11:PRPF40B:HNRNPA1:SARNP:RPL41:KRR1:UTP20:RPL6:SRSF9:PUS1:DDX51:SAP18:RPL21:HNRNPA1L2:DIS3:RBM26:ACIN1:PNN:DICER1:FAM98B:LEO1:PDCD7:DIS3L:RPL4:TSR3:RPS2:TXNL4B:PRPF8:DHX33:SUPT6H:RPL23:RPL19:CASC3:LUC7L3:ALYREF:RNMT:SMAD2:TXNL4A:ELAVL1:RPL18A:UBA52:FBL:SNRNP70:RPL13A:RPS11:SCAF1:RPL28:WDR43:HNRNPLL:DHX57:RPS27A:PUS10:PNO1:MPHOSPH10:ZNF638:DUSP11:M1AP:GCFC2:RPL31:PPIG:HNRNPA3:PRKRA:OSGEPL1:PPIL3:XRN2:SRSF6:APP:ADARB1:RBFOX2:RPL15:RPL14:RBM15B:RPL24:QTRTD1:UBA5:U2SURP:TRA2B:NOP14:RPL9:FIP1L1:UTP3:HNRNPD:HNRNPDL:CCRN4L:SMAD1:RPS3A:NAF1:DROSHA:RPL37:DIMT1:SREK1IP1:CWC27:NSA2:PAPD4:YTHDC2:SRFBP1:PPP2CA:DDX46:HNRNPA0:RBM27:RPS14:GEMIN5:LSM11:PRPF4B:RPP40:RIOK1:SNRNP48:RPS18:RPL10A:RPL7L1:CDC5L:SYNCRIP:RPS12:SRPK2:PUS7:RBM28:TGS1:RPS20:RPL7:KIAA1429:UTP23:PSIP1:RPS6:NOL8:PTBP3:RPL12:RPL7A:ZRSR2:NONO:RPS4X:RPL39:THOC2:RBMX2:HTATSF1:RPL10	http://www.broadinstitute.org/gsea/msigdb/cards/GO_RNA_PROCESSING
GO_RIBOSOME_BIOGENESIS	303	81	1.00139673298e-09	2.22109795375e-07	RPL22:NOL9:RPL11:RPS8:NSUN4:RPF1:ZNHIT6:RPL5:DIEXF:HEATR1:TFB2M:BMS1:RPS24:RPS13:SART1:RPS25:WBP11:RPL41:KRR1:UTP20:RPL6:DDX51:RPL21:DIS3:RSL24D1:DIS3L:RPL4:TSR3:RPS2:RPL23:RPL19:RPL18A:UBA52:FBL:RPL13A:RPS11:RPL28:WDR43:RPS27A:PNO1:MPHOSPH10:RPL31:XRN2:RPL15:RPL14:MINA:RPL24:EIF2A:NMD3:NOP14:RPL9:NOA1:UTP3:RPS3A:NAF1:DROSHA:RPL37:DIMT1:NSA2:SRFBP1:RPS14:NPM1:RPP40:RIOK1:RPS18:RPL10A:RPL7L1:MDN1:RPS12:GTPBP10:RPS20:RPL7:UTP23:RPS6:ZNF658:NOL8:RPL12:RPL7A:RPS4X:RPL39:RPL10	http://www.broadinstitute.org/gsea/msigdb/cards/GO_RIBOSOME_BIOGENESIS
GO_ESTABLISHMENT_OF_PROTEIN_LOCALIZATION_TO_ORGANELLE	357	91	1.53188960259e-09	3.23593441766e-07	RPL22:RERE:RPL11:RPS8:RPL5:NRAS:TPR:RAB3GAP2:TOMM20:H2AFY2:AP3M1:RPS24:IPO7:RPS13:PACS1:RAB6A:RPS25:IPO8:RPL41:GNPTAB:RPL6:RPL21:VPS36:IPO5:TGFB3:NEDD4:RAB11A:RPL4:PML:RPS2:RPL23:RPL19:STAT3:KPNB1:ATP9B:RPL18A:UBA52:TGFB1:RPL13A:RPS11:RPL28:RPS27A:HK2:RPL31:RAB3GAP1:SYS1:PTTG1IP:PEX26:RPL15:RPL14:CTNNB1:RPL24:CBLB:RPL9:SRP72:COX18:PPP3CA:RPS3A:RPL37:TNPO1:F2R:AP3B1:MTX3:ZFYVE16:H2AFY:RPS14:MAPK9:HIST1H1B:RPS18:RPL10A:PEX6:SEC63:KPNA5:RPS12:PEX7:PEX1:SMURF1:IMMP2L:RPS20:RPL7:GDAP1:RPS6:TOMM5:VPS13A:SYK:RPL12:NUP214:RPL7A:RPS4X:RPL39:RPL10	http://www.broadinstitute.org/gsea/msigdb/cards/GO_ESTABLISHMENT_OF_PROTEIN_LOCALIZATION_TO_ORGANELLE
GO_REGULATION_OF_CELLULAR_AMIDE_METABOLIC_PROCESS	351	89	3.0130761433e-09	6.07545716894e-07	EIF4G3:KHDRBS1:AGO4:AGO1:AGO3:NSUN4:ZCCHC11:CYR61:UHMK1:TPR:DNAJC1:EIF5AL1:NEURL1:NANOS1:EIF3A:PSTK:EIF3M:CAPRIN1:PICALM:TNFRSF1A:EIF4B:ZNF385A:SARNP:CNOT2:MAPKAPK5:GATC:NCOR2:DNAJC3:UPF3A:DTD2:ZFP36L1:TMED10:DICER1:EIF2AK4:EIF3J:PML:IREB2:TNRC6A:CNOT1:NCOR1:CASC3:RARA:STAT3:RPS6KB1:UNK:IMPACT:SMAD2:CIRBP:EEF2:ELAVL1:ZNF540:AKT2:TGFB1:RPL13A:EIF2AK2:PAIP2B:EIF2AK3:EIF5B:CNOT11:PRKRA:GIGYF2:PER2:DTD1:YTHDF1:APP:USP16:EIF4ENIF1:EIF3L:LIMD1:EIF2A:HNRNPD:BANK1:SMAD1:DROSHA:PAIP1:PURA:LARS:RPS14:NPM1:CNOT6:SYNCRIP:RMND1:GSAP:CNOT7:NSMAF:EIF3E:EIF3H:RPS6KA3:RPS4X	http://www.broadinstitute.org/gsea/msigdb/cards/GO_REGULATION_OF_CELLULAR_AMIDE_METABOLIC_PROCESS
GO_CHROMATIN_MODIFICATION	526	121	4.19341122982e-09	8.08781400673e-07	RERE:KDM1A:SCMH1:ELK4:SMYD2:TAF5L:SMYD3:ZMYND11:BMI1:TET1:H2AFY2:TAF5:SPTY2D1:MTA2:MEN1:KDM4D:ATM:CHD4:AEBP2:ARID2:SMARCD1:SMARCC2:PRDM4:KDM2B:EP400:SAP18:RB1:SETDB2:TDRD3:CHD8:BAZ1A:MBIP:MIS18BP1:ZBTB1:RPS6KA5:SETD3:MTA1:INO80:RTF1:LEO1:PRKCB:SRCAP:SETD1A:KAT8:RBL2:SETD6:CHD3:NCOR1:CENPV:USP22:SUPT6H:COPRS:SUZ12:MSL1:SMARCE1:KAT2A:CBX2:CBX4:MBD2:FBL:DNMT3A:BRE:SAP130:TLK1:ATF2:PER2:CSRP2BP:PHF20:CHD6:MRGBP:USP16:HLCS:PPM1F:SETMAR:UBE2E1:CTNNB1:SMARCC1:WDR82:ACTR8:DTX3L:YEATS2:RNF168:CLOCK:CENPC:UTP3:FAM175A:SMARCAD1:LEF1:PRDM5:SETD7:ING2:H2AFY:NPM1:NSD1:JARID2:KDM1B:RING1:SUPT3H:HMGN3:BEND3:L3MBTL3:MYB:TNRC18:IKZF1:BAZ1B:TRRAP:DNAJC2:ENY2:CHRAC1:SMARCA2:SPIN1:PHF2:GTF3C4:NACC2:TBL1X:BCOR:JADE3:KDM5C:TAF1:UBE2A:BCORL1	http://www.broadinstitute.org/gsea/msigdb/cards/GO_CHROMATIN_MODIFICATION
GO_PROTEIN_TARGETING	403	98	5.67075191481e-09	1.04814397892e-06	RPL22:RERE:RPL11:RPS8:RPL5:PIP5K1A:TPR:TOMM20:AP3M1:RPS24:IPO7:RPS13:PACS1:RAB6A:RPS25:IPO8:RPL41:GNPTAB:RPL6:TMED2:RPL21:VPS36:IPO5:GAS6:SYNJ2BP:TGFB3:PACS2:RAB27A:NEDD4:RPL4:PML:RPS2:RPL23:RPL19:STAT3:KPNB1:STXBP4:RPL18A:UBA52:TGFB1:RPL13A:RPS11:RPL28:RPS27A:RPL31:AP1S3:SYS1:PTTG1IP:PEX26:MICALL1:RPL15:RPL14:CTNNB1:ARL6:RPL24:CBLB:RPL9:SRP72:PPP3CA:RPS3A:RPL37:TNPO1:F2R:AP3B1:MTX3:ZFYVE16:RPS14:MAPK9:SSR1:RPS18:RPL10A:PEX6:TRAM2:SEC63:KPNA5:RPS12:PEX7:YWHAG:PEX1:SMURF1:IMMP2L:FUT10:RPS20:TRAM1:RPL7:GDAP1:YWHAZ:RPS6:TOMM5:VPS13A:SYK:RPL12:NUP214:RPL7A:RPS4X:CHM:RPL39:RPL10	http://www.broadinstitute.org/gsea/msigdb/cards/GO_PROTEIN_TARGETING
GO_SINGLE_ORGANISM_CELLULAR_LOCALIZATION	888	183	7.83133227253e-09	1.38959159844e-06	RPL22:RERE:PIK3CD:KIF1B:RPL11:MACF1:RPS8:SCP2:RPL5:PIP5K1A:RAB13:KIFAP3:TPR:RAB7L1:RAB3GAP2:TOMM20:AP3M1:RPS24:CEP55:IPO7:RPS13:LIN7C:PAX6:PACS1:RAB6A:UVRAG:RAB38:CTSC:ATM:RDX:RPS25:TNFRSF1A:LRP6:IPO8:RPL41:GNPTAB:RPL6:RILPL2:TMED2:RPL21:VPS36:IPO5:GAS6:SEC23A:HIF1A:GPHN:SYNJ2BP:PSEN1:TMED10:TGFB3:STON2:TTC7B:DYNC1H1:PACS2:RAB27A:NEDD4:POLR2M:RAB11A:RPL4:PML:AP3S2:RPS2:BBS2:LLGL1:RAB34:RHOT1:RPL23:RPL19:JUP:KAT2A:STAT3:KPNB1:SKAP1:SLC9A3R1:ROCK1:RAB27B:LMAN1:VPS4B:RPL18A:UBA52:ACTN4:AKT2:TGFB1:RPL13A:RPS11:RPL28:KIF3C:WDR43:SPAST:RPS27A:ACTR2:TMEM150A:REEP1:CHMP3:RPL31:RAB3GAP1:BBS5:KIF3B:SYS1:VAPB:CTSZ:PTTG1IP:PEX26:SNAP29:MICALL1:PICK1:ANKRD28:RFTN1:RPL15:CLASP2:PDCD6IP:RPL14:CTNNB1:MAP4:ARL6:RPL24:CBLB:ZDHHC23:NMD3:TNIK:HTT:KCNIP4:RPL9:KIT:SRP72:COX18:USO1:SEC31A:PPP3CA:RPS3A:RPL37:TNPO1:F2R:AP3B1:MTX3:ZFYVE16:KIF3A:SEC24A:RPS14:DOCK2:CANX:MAPK9:SSR1:DTNBP1:KIF13A:RPS18:RPL10A:PEX6:TRAM2:SEC63:KPNA5:RPS12:MAP7:PEX7:STX11:PEX1:SMURF1:IMMP2L:IKBKB:FNTA:LYN:RPS20:TRAM1:TERF1:RPL7:GDAP1:TRAPPC9:DENND4C:RPS6:UNC13B:TOMM5:VPS13A:SYK:BICD2:RPL12:NUP214:RPL7A:SEC16A:RPS4X:CHM:RPL39:MTM1:RPL10	http://www.broadinstitute.org/gsea/msigdb/cards/GO_SINGLE_ORGANISM_CELLULAR_LOCALIZATION
GO_PROTEIN_LOCALIZATION_TO_MEMBRANE	373	91	1.58351562078e-08	2.70172126684e-06	RPL22:RPL11:MACF1:RPS8:SCP2:RPL5:PIP5K1A:RAB13:RAB7L1:RAB3GAP2:RPS24:RPS13:LIN7C:PACS1:RAB38:RDX:RPS25:TNFRSF1A:LRP6:RPL41:RPL6:RILPL2:TMED2:RPL21:GAS6:GPHN:TTC7B:PACS2:RAB11A:RPL4:RPS2:BBS2:RAB34:RPL23:RPL19:JUP:SKAP1:SLC9A3R1:ROCK1:RPL18A:UBA52:AKT2:RPL13A:RPS11:RPL28:RPS27A:TMEM150A:REEP1:RPL31:RAB3GAP1:SYS1:PEX26:MICALL1:PICK1:RFTN1:RPL15:CLASP2:RPL14:ARL6:RPL24:ZDHHC23:TNIK:KCNIP4:RPL9:SRP72:COX18:RPS3A:RPL37:RPS14:SSR1:KIF13A:RPS18:RPL10A:TRAM2:SEC63:RPS12:MAP7:SMURF1:IKBKB:FNTA:RPS20:TRAM1:RPL7:DENND4C:RPS6:RPL12:RPL7A:RPS4X:CHM:RPL39:RPL10	http://www.broadinstitute.org/gsea/msigdb/cards/GO_PROTEIN_LOCALIZATION_TO_MEMBRANE
GO_POSTTRANSCRIPTIONAL_REGULATION_OF_GENE_EXPRESSION	445	104	1.96411843455e-08	3.22697384284e-06	EIF4G3:KHDRBS1:AGO4:AGO1:AGO3:THRAP3:NSUN4:ZCCHC11:SERBP1:UHMK1:TPR:DNAJC1:EIF5AL1:NEURL1:NANOS1:EIF3A:PSTK:EIF3M:CAPRIN1:EIF4B:ZNF385A:SARNP:CNOT2:MAPKAPK5:GATC:NCOR2:DIS3:DNAJC3:UPF3A:APEX1:DTD2:PSMA6:ZFP36L1:ZC3H14:PSMC1:DICER1:EIF2AK4:EIF3J:ANP32A:PML:IREB2:TNRC6A:CNOT1:NCOR1:CASC3:RARA:STAT3:RPS6KB1:UNK:IMPACT:SMAD2:CIRBP:EEF2:ELAVL1:UBA52:ZNF540:AKT2:TGFB1:RPL13A:EIF2AK2:ZFP36L2:RPS27A:PAIP2B:EIF2AK3:EIF5B:CNOT11:EPB41L5:PRKRA:GIGYF2:PER2:DTD1:YTHDF1:APP:USP16:EIF4ENIF1:EIF3L:LIMD1:EIF2A:HNRNPD:BANK1:CCRN4L:SMAD1:DROSHA:PAIP1:TNPO1:HNRNPA0:MATR3:PURA:LARS:RPS14:NPM1:CNOT6:SYNCRIP:RMND1:CNOT7:YWHAZ:EIF3E:EIF3H:TDRD7:SET:NUP214:NACC2:RPS6KA3:RPS4X	http://www.broadinstitute.org/gsea/msigdb/cards/GO_POSTTRANSCRIPTIONAL_REGULATION_OF_GENE_EXPRESSION
GO_ORGANIC_CYCLIC_COMPOUND_CATABOLIC_PROCESS	425	99	4.9360047968e-08	7.82004188522e-06	RPL22:RPL11:PPP1R8:AGO4:AGO1:AGO3:THRAP3:PABPC4:RPS8:ZCCHC11:RPL5:UHMK1:SMG7:UPF2:PCBD1:RPS24:PDE3B:RPS13:PATL1:LRTOMT:ATM:ZNF259:RPS25:EIF4B:RPL41:CYP27B1:CNOT2:RPL6:RPL21:DIS3:UPF3A:ZFP36L1:DICER1:DIS3L:RPL4:RPS2:CNOT1:MLYCD:ADPRM:RPL23:RPL19:CASC3:NT5C3B:KPNB1:RPL18A:UBA52:RPL13A:RPS11:RPL28:NT5C1B:ZFP36L2:RPS27A:RPL31:CNOT11:KYNU:XRN2:SAMHD1:PRODH:YWHAH:APOBEC3F:SETMAR:TATDN2:RPL15:RPL14:RPL24:RPL9:HNRNPD:NUDT9:PDE5A:CCRN4L:ABCE1:RPS3A:DROSHA:RPL37:PAIP1:PDE8B:PAPD4:PPP2CA:RPS14:CNOT6:RPS18:NUDT3:RPL10A:ENPP4:RPS12:CNOT7:EPHX2:RPS20:RPL7:EIF3E:RPS6:RPL12:RPL7A:STS:MAOA:GSPT2:RPS4X:RPL39:RPL10	http://www.broadinstitute.org/gsea/msigdb/cards/GO_ORGANIC_CYCLIC_COMPOUND_CATABOLIC_PROCESS
GO_NCRNA_PROCESSING	382	91	5.33169094688e-08	8.15564863461e-06	RPL22:NOL9:RPL11:AGO4:AGO1:AGO3:RPS8:NSUN4:ZCCHC11:TYW3:RPF1:RPL5:DIEXF:TARBP1:HEATR1:TFB2M:TRDMT1:BMS1:RPS24:RPS13:SART1:ALKBH8:RPS25:WBP11:PUS7L:RPL41:KRR1:UTP20:RPL6:PUS1:DDX51:RPL21:DIS3:DICER1:FAM98B:DIS3L:RPL4:TSR3:RPS2:RPL23:RPL19:SMAD2:RPL18A:UBA52:FBL:RPL13A:RPS11:RPL28:WDR43:RPS27A:PUS10:PNO1:MPHOSPH10:RPL31:PRKRA:OSGEPL1:XRN2:RPL15:RPL14:RPL24:QTRTD1:UBA5:NOP14:RPL9:UTP3:SMAD1:RPS3A:NAF1:DROSHA:RPL37:DIMT1:NSA2:SRFBP1:RPS14:RPP40:RIOK1:RPS18:RPL10A:RPL7L1:RPS12:PUS7:RPS20:RPL7:UTP23:RPS6:NOL8:RPL12:RPL7A:RPS4X:RPL39:RPL10	http://www.broadinstitute.org/gsea/msigdb/cards/GO_NCRNA_PROCESSING
GO_INTERSPECIES_INTERACTION_BETWEEN_ORGANISMS	654	138	1.18717449965e-07	1.75543536015e-05	RPL22:EIF4G3:RPL11:RPS8:RPL5:TPR:ZMYND11:NMT2:ABI1:RPS24:TAF5:EIF3A:CTBP2:CD81:TRIM22:IPO7:RPS13:PACS1:RAB6A:UVRAG:CUL5:RPS25:PVRL1:TNFRSF1A:LTBR:CD4:CCNT1:HNRNPA1:ITGA5:RPL41:STAT2:NACA:RPL6:VPS37B:RPL21:RB1:SUGT1:IPO5:GAS6:KLC1:PACS2:EIF2AK4:TYRO3:NEDD4:RPL4:PML:CRTC3:RPS2:TFAP4:SRCAP:PARD6A:VAC14:TP53:SUPT6H:RPL23:RPL19:KAT2A:STAT3:ITGB3:ITGB3:KPNB1:TRIM25:ALYREF:VPS4B:RPL18A:UBA52:CRTC1:USF2:TGFB1:RPL13A:RPS11:RPL28:EIF2AK2:RPS27A:CHMP3:PDCL3:RPL31:CCNT2:CASP8:ABI2:SP110:VAPB:TAF4:EIF3L:RPL15:FBXL2:UBP1:PDCD6IP:RPL14:ZNF502:RHOA:RBM15B:RPL24:PAK2:RPL9:ANKRD17:LEF1:ABCE1:RPS3A:RPL37:TNPO1:YTHDC2:RAD50:RPS14:NPM1:SERPINB9:RPS18:RPL10A:HSP90AB1:SYNCRIP:KPNA5:RPS12:TBP:RNF216:RALA:POM121:POM121C:SLC20A2:LYN:RPS20:TRAM1:RPL7:WWP1:PSIP1:RPS6:TLN1:SYK:RPL12:SET:NUP214:RPL7A:IL2RG:TAF1:RPS4X:SEPT6:RPL39:THOC2:HTATSF1:RPL10	http://www.broadinstitute.org/gsea/msigdb/cards/GO_INTERSPECIES_INTERACTION_BETWEEN_ORGANISMS
GO_CHROMATIN_ORGANIZATION	639	134	2.58406813629e-07	3.69771814599e-05	RERE:HP1BP3:KDM1A:SCMH1:ELK4:SMYD2:TAF5L:SMYD3:ZMYND11:BMI1:TET1:H2AFY2:TAF5:SPTY2D1:MTA2:MEN1:KDM4D:ATM:CHD4:AEBP2:ARID2:SMARCD1:SMARCC2:NAP1L1:PRDM4:KDM2B:EP400:SAP18:RB1:SETDB2:TDRD3:CHD8:BAZ1A:MBIP:MIS18BP1:ZBTB1:RPS6KA5:SETD3:MTA1:INO80:RTF1:LEO1:PRKCB:SRCAP:SETD1A:KAT8:RBL2:SETD6:TP53:CHD3:NCOR1:CENPV:USP22:SUPT6H:COPRS:SUZ12:MSL1:SMARCE1:KAT2A:CBX2:CBX4:MBD2:FBL:DNMT3A:BRE:M1AP:SAP130:TLK1:ATF2:PER2:CSRP2BP:PHF20:CHD6:MRGBP:USP16:HLCS:PPM1F:SETMAR:UBE2E1:CTNNB1:SMARCC1:WDR82:ACTR8:DTX3L:YEATS2:RNF168:CLOCK:CENPC:UTP3:FAM175A:NAP1L5:SMARCAD1:LEF1:PRDM5:SETD7:ING2:H2AFY:NPM1:NSD1:JARID2:KDM1B:HIST1H3B:HIST1H2BM:HIST1H2AL:HIST1H1B:RING1:SUPT3H:HMGN3:BEND3:TSPYL4:L3MBTL3:MYB:SHPRH:TNRC18:H2AFV:IKZF1:BAZ1B:TRRAP:DNAJC2:ENY2:CHRAC1:SMARCA2:SPIN1:PHF2:SET:GTF3C4:NACC2:TBL1X:BCOR:JADE3:KDM5C:TAF1:UBE2A:BCORL1	http://www.broadinstitute.org/gsea/msigdb/cards/GO_CHROMATIN_ORGANIZATION
GO_VIRAL_LIFE_CYCLE	289	71	3.71779565323e-07	5.15379422429e-05	RPL22:RPL11:RPS8:RPL5:TPR:NMT2:RPS24:EIF3A:CTBP2:CD81:RPS13:UVRAG:RPS25:PVRL1:CD4:ITGA5:RPL41:RPL6:VPS37B:RPL21:GAS6:EIF2AK4:TYRO3:RPL4:RPS2:RPL23:RPL19:ITGB3:ITGB3:KPNB1:ALYREF:VPS4B:RPL18A:UBA52:USF2:RPL13A:RPS11:RPL28:RPS27A:CHMP3:RPL31:CCNT2:EIF3L:RPL15:UBP1:PDCD6IP:RPL14:RPL24:RPL9:RPS3A:RPL37:RPS14:RPS18:RPL10A:HSP90AB1:KPNA5:RPS12:POM121:POM121C:SLC20A2:RPS20:RPL7:WWP1:RPS6:RPL12:NUP214:RPL7A:RPS4X:RPL39:THOC2:HTATSF1:RPL10	http://www.broadinstitute.org/gsea/msigdb/cards/GO_VIRAL_LIFE_CYCLE
GO_NCRNA_METABOLIC_PROCESS	528	114	4.05064255633e-07	5.44504556966e-05	RPL22:NOL9:RPL11:AGO4:AGO1:AGO3:RPS8:NSUN4:ZCCHC11:TYW3:RPF1:RPAP2:RPL5:HENMT1:RPRD2:DIEXF:TARBP1:HEATR1:TFB2M:TRDMT1:BMS1:RPS24:TAF5:PSTK:RPS13:SART1:ALKBH8:RPS25:WBP11:PUS7L:CCNT1:RPL41:KRR1:UTP20:RPL6:GATC:PUS1:DDX51:RPL21:DIS3:CARS2:DTD2:DICER1:FAM98B:NARG2:DIS3L:RPL4:TARSL2:TSR3:RPS2:RPL23:RPL19:RPRD1A:SMAD2:RPL18A:UBA52:FBL:RPL13A:RPS11:RPL28:WDR43:RPS27A:PUS10:PNO1:MPHOSPH10:RPL31:ZC3H8:NIFK:CCNT2:DARS:PRKRA:OSGEPL1:DTD1:XRN2:RPL15:RPL14:RPL24:QTRTD1:UBA5:NOP14:RPL9:UTP3:SMAD1:RPS3A:NAF1:DROSHA:RPL37:DIMT1:NSA2:SRFBP1:LARS:RPS14:RPP40:RIOK1:RPS18:RPL10A:TAF8:RPL7L1:RPS12:TBP:PUS7:GTF2E2:RPS20:RPL7:UTP23:RPS6:SPIN1:NOL8:RPL12:GTF3C4:RPL7A:RPS4X:RPL39:RPL10	http://www.broadinstitute.org/gsea/msigdb/cards/GO_NCRNA_METABOLIC_PROCESS
GO_PROTEIN_LOCALIZATION_TO_ORGANELLE	552	118	4.48301402141e-07	5.8490147644e-05	RPL22:RERE:RCC2:RPL11:RPS8:RPL5:NRAS:TOR1AIP1:TPR:RAB3GAP2:TOMM20:TAF3:H2AFY2:AP3M1:RPS24:HHEX:FAM178A:CD81:IPO7:RPS13:PAX6:PACS1:RAB6A:C2CD3:RPS25:IPO8:RPL41:CCDC41:GNPTAB:RPL6:RPL21:COG3:RB1:VPS36:IPO5:TGFB3:SPATA7:NEDD4:RAB11A:RPL4:PML:RAB11FIP3:RPS2:BBS2:TERF2:RPL23:RPL19:STAT3:KPNB1:ATP9B:RPL18A:UBA52:TGFB1:KDELR1:RPL13A:RPS11:RPL28:WDR35:RPS27A:HK2:RPL31:RAB3GAP1:SYS1:PTTG1IP:PEX26:MICALL1:RPL15:RPL14:CTNNB1:ARL6:RPL24:CBLB:ATR:RPL9:SRP72:COX18:PPP3CA:RPS3A:RPL37:TNPO1:F2R:AP3B1:MTX3:ZFYVE16:H2AFY:DIAPH1:RPS14:MAPK9:HIST1H1B:RPS18:RPL10A:TAF8:PEX6:SEC63:KPNA5:RPS12:PEX7:TULP4:SNX10:PEX1:SMURF1:IMMP2L:RPS20:RPL7:GDAP1:FAM83H:CNTLN:RPS6:TOMM5:VPS13A:SYK:RPL12:NUP214:RPL7A:MID1:RPS4X:RPL39:RPL10	http://www.broadinstitute.org/gsea/msigdb/cards/GO_PROTEIN_LOCALIZATION_TO_ORGANELLE
GO_CATABOLIC_PROCESS	1750	312	5.80630173949e-07	7.35907271897e-05	RPL22:USP48:RPL11:SLC9A1:PPP1R8:SMPDL3B:AGO4:AGO1:AGO3:THRAP3:PABPC4:RPS8:FAF1:ZCCHC11:SCP2:PGM1:CRYZ:CTBS:RPL5:AGL:DBT:GSTM4:GSTM2:GSTM1:GSTM3:UHMK1:FMO4:SMG7:EDEM3:PLA2G4A:RNPEP:CAPN2:EPHX1:UPF2:PTER:YME1L1:ACBD5:ADO:SGPL1:PCBD1:RPS24:GLUD1:LIPA:HECTD2:PLCE1:ERLIN1:INPP5F:ATE1:ACADSB:PAOX:PDE3B:RPS13:LDHA:PATL1:PRPF19:CTSW:LRTOMT:NEU3:ARRB1:UVRAG:CTSC:CUL5:ATM:ZNF259:UBE4A:RPS25:BCAT1:KLHL42:EIF4B:RPL41:STAT2:GLS2:CYP27B1:CNOT2:USP44:HSP90B1:USP30:KCTD10:RPL6:RPL21:ESD:VPS36:DIS3:DNAJC3:PCCA:CDC16:UPF3A:ACIN1:DTD2:PSMA6:DNAAF2:PYGL:FUT8:ZFP36L1:DLST:PSMC1:CALM1:DICER1:MTA1:HERC2:DUOX1:SLC27A2:NEDD4:RNF111:DIS3L:MAP2K1:RPL4:CLN6:PML:ABHD2:RPS2:KCTD13:PHKB:CNOT1:ZNRF1:GAN:PLCG2:MLYCD:P2RX5:UBE2G1:TP53:ADPRM:ALDH3A2:USP22:RPL23:RPL19:CASC3:NT5C3B:KPNB1:UBE2Z:TOM1L1:TRIM25:CCDC47:ACOX1:USP36:IMPA2:VPS4B:SOCS6:CYP4F11:USE1:RPL18A:UBA52:TGFB1:RPL13A:RPS11:RPL28:UBE2S:RNF144A:LPIN1:NT5C1B:ZFP36L2:RPS27A:SLC1A4:PCYOX1:HK2:TMEM150A:RPL31:CNOT11:ANAPC1:UBXN4:SPOPL:KYNU:GPD2:PDK1:DNAJC10:COL5A2:HIBCH:INPP1:GLS:CASP8:PLCD4:USP40:RNF24:KIF16B:DZANK1:DTD1:XRN2:SAMHD1:CTSZ:USP16:TTC3:BACE2:PRODH:ZNRF3:YWHAH:APOBEC3F:SETMAR:TATDN2:TBC1D5:UBE2E1:RPL15:STT3B:GPD1L:FBXL2:PDCD6IP:PLCD1:RPL14:CTNNB1:PTPN23:ABHD6:RPL24:PLCXD2:ABHD10:TMEM39A:MGLL:COL6A6:PLOD2:USP13:EHHADH:RNF168:FBXO45:FBXL5:RPL9:UBE2K:USP46:CLOCK:RCHY1:HNRNPD:KLHL8:NUDT9:PPM1K:HERC5:HERC3:MANBA:BDH2:ALPK1:PDE5A:ANXA5:LARP1B:CCRN4L:ABCE1:MMAA:RPS3A:MTRR:DROSHA:AMACR:RPL37:PAIP1:MCCC2:PDE8B:ARSB:PAPD4:ATG10:ERAP1:ERAP2:LNPEP:APC:PPP2CA:UBE2D2:RPS14:GM2A:CNOT6:RIPK1:RNF144B:RPS18:NUDT3:RPL10A:SUPT3H:ENPP4:BCKDHB:UBE2J1:KLHL32:USP45:HACE1:COL10A1:RPS12:PEX7:RNF216:CPVL:SFRP4:CROT:ANKIB1:SMURF1:CNOT7:EPHX2:FUT10:ERLIN2:HGSNAT:LYPLA1:RPS20:UBXN2B:RPL7:FABP5:IMPA1:WWP1:TMEM67:CPQ:EIF3E:DENND3:RPS6:RNF38:FBXO10:RP11-613M10.8:ALDH1A1:ZNF189:SLC44A1:KIAA0368:TRIM32:RPL12:RPL7A:GYG2:STS:TBL1X:PHKA2:MAOA:GSPT2:AMER1:PJA1:RPS4X:RLIM:UBE2A:RPL39:RPL10	http://www.broadinstitute.org/gsea/msigdb/cards/GO_CATABOLIC_PROCESS
GO_MEMBRANE_ORGANIZATION	875	171	9.44886854179e-07	0.000116431057921	RPL22:RPL11:SLC9A1:XKR8:MACF1:RPS8:SCP2:FAM73A:RPL5:PIP5K1A:THEM4:RAB13:TOR1AIP1:TPR:RAB7L1:RAB3GAP2:TP53BP2:TOMM20:RPS24:RPS13:PIK3C2A:LIN7C:PACS1:UVRAG:PICALM:RAB38:CTSC:RDX:RPS25:TNFRSF1A:CD4:LRP6:LRMP:ANO6:BIN2:RPL41:EEA1:USP30:ATP2A2:RPL6:VPS37B:RILPL2:TMED2:ANKLE2:RPL21:TBC1D4:TFDP1:GAS6:SEC23A:GPHN:TMED10:TTC7B:PACS2:VPS39:ATP8B4:RAB11A:RPL4:RPS2:MPV17L:PRKCB:BBS2:CHRNB1:TP53:RAB34:MYO18A:GOSR1:RHOT1:RPL23:RPL19:JUP:STAT3:SKAP1:SLC9A3R1:ROCK1:LMAN1:VPS4B:ATP9B:RPL18A:UBA52:AKT2:RPL13A:RPS11:RPL28:LPIN1:SPAST:RPS27A:CCDC88A:HK2:TMEM150A:REEP1:CHMP3:RPL31:TGFBRAP1:RAB3GAP1:ATF2:CASP8:SYS1:VAPB:STX16:CTSZ:PEX26:SNAP29:IGLL1:YWHAH:MICALL1:PICK1:TMEM43:ANKRD28:RFTN1:RPL15:CLASP2:PDCD6IP:RPL14:ARL6:RPL24:ZDHHC23:TNIK:ATP11B:VPS8:KCNIP4:TBC1D1:RPL9:SRP72:COX18:USO1:SEC31A:RPS3A:RPL37:LNPEP:PPP2CA:SEC24A:RPS14:DOCK2:SSR1:KIF13A:RPS18:RPL10A:TRAM2:HACE1:SEC63:RPS12:MAP7:STX11:ELMO1:RALA:POM121:POM121C:YWHAG:SMURF1:IKBKB:FNTA:RPS20:UBXN2B:TRAM1:RPL7:GDAP1:YWHAZ:TRAPPC9:DENND4C:RPS6:RAB14:RPL12:TOR1B:NUP214:RPL7A:SEC16A:RPS4X:CHM:RPL39:ATP11C:RPL10	http://www.broadinstitute.org/gsea/msigdb/cards/GO_MEMBRANE_ORGANIZATION
GO_NEGATIVE_REGULATION_OF_NITROGEN_COMPOUND_METABOLIC_PROCESS	1500	270	1.574020092e-06	0.000188712246706	SKI:PER3:RERE:CTNNBIP1:KDM1A:RUNX3:KHDRBS1:AGO4:AGO1:AGO3:SCMH1:ZCCHC11:LRP8:TPR:ZNF281:ATP2B4:MDM4:ELK4:SMYD2:ZNF496:ZMYND11:TAF3:BMI1:ZNF438:H2AFY2:HHEX:SUFU:OBFC1:SMC3:PDCD4:NANOS1:CTBP2:DEAF1:TRIM6:TRIM22:RPS13:LGR4:PAX6:CAPRIN1:TRAF6:MTA2:SF1:MEN1:RNF169:ARRB1:NPAT:ATM:CHD4:ATN1:AEBP2:CCNT1:HNRNPA1:SMARCC2:NACA:CNOT2:SRSF9:KDM2B:BCL7A:NCOR2:SAP18:RB1:SETDB2:GAS6:APEX1:CHD8:SALL2:ACIN1:HIF1A:ZBTB1:PSEN1:PROX2:TGFB3:ZC3H14:RPS6KA5:DICER1:TRAF3:ZBTB42:MTA1:EIF2AK4:RTF1:NEDD4:ZNF280D:MAP2K5:PML:IREB2:ZNF263:TFAP4:ERCC4:TNRC6A:KAT8:SETD6:CNOT1:NFATC3:ZFP90:TERF2:CBFA2T3:TP53:NCOR1:SUZ12:ZNF830:LIG3:MED1:THRA:RARA:SMARCE1:STAT3:CBX1:HOXB4:UNK:CBX2:CBX4:ZBTB14:IMPACT:PIAS2:SMAD2:MBD2:CIRBP:NFIC:NACC1:UBA52:ZNF253:ZNF93:ZNF85:ZNF431:ZNF91:ZNF675:ZNF254:URI1:ZNF345:ZNF540:EID2:AKT2:TGFB1:RPL13A:ZNF649:ZNF154:ZNF418:E2F6:DNMT3A:EIF2AK2:RPS27A:PELI1:ANXA4:MXD1:PAIP2B:GCFC2:EIF2AK3:LIMS1:ZC3H8:SAP130:ZRANB3:ZEB2:ATF2:PRKRA:NAB1:GIGYF2:LRRFIP1:PER2:COMMD7:DNMT3B:TGIF2:ZHX3:SRSF6:NFATC2:GABPA:ETS2:HIC2:PPM1F:ZNF280B:PATZ1:EIF4ENIF1:RBFOX2:APOBEC3D:APOBEC3F:BHLHE40:THRB:UBP1:ACVR2B:CTNNB1:LIMD1:RBM15B:MINA:HCLS1:ZBTB38:ATR:YEATS2:RNF168:CD38:RBPJ:PDS5A:NFXL1:CLOCK:HNRNPD:BANK1:NFKB1:LEF1:PRDM5:SMAD1:FNIP2:WWC2:DROSHA:MSH3:MEF2C:RAD50:H2AFY:CXXC5:PURA:PPARGC1B:RPS14:WWC1:NSD1:ZNF354A:ZNF354B:CNOT6:DUSP22:RREB1:JARID2:HIST1H3B:HIST1H2AL:HIST1H1B:RING1:SYNCRIP:UFL1:BEND3:MYB:BCLAF1:FOXK1:RBAK:TNRC18:ZNF12:PHF14:SFRP4:H2AFV:HUS1:IKZF1:LANCL2:ZP3:DNAJC2:CNOT7:HMBOX1:TERF1:WWP1:NBN:MTDH:FZD6:EIF3E:ZHX1:SMARCA2:ZNF658:SEMA4D:TRIM14:ZNF189:PTBP3:TRIM32:SCAI:SET:NACC2:NOTCH1:TBL1X:YY2:BCOR:MAGED1:KDM5C:IGBP1:NONO:RLIM:TCEAL1:NKRF:ZBTB33:ZNF280C	http://www.broadinstitute.org/gsea/msigdb/cards/GO_NEGATIVE_REGULATION_OF_NITROGEN_COMPOUND_METABOLIC_PROCESS
GO_RIBONUCLEOPROTEIN_COMPLEX_SUBUNIT_ORGANIZATION	196	51	2.09475319184e-06	0.000244534872605	RPL11:AGO4:AGO1:AGO3:NSUN4:RPF1:ZNHIT6:RBMXL1:RPL5:BMS1:EIF3A:EIF3M:PATL1:PRPF19:SF1:SART1:SCAF11:EIF4B:RPL6:SRSF9:DICER1:DYNC1H1:KLC1:EIF3J:RSL24D1:TXNL4B:PRPF8:LUC7L3:TXNL4A:CIRBP:GCFC2:SRSF6:EIF3L:LIMD1:RPL24:EIF2A:CCRN4L:RPS14:GEMIN5:NPM1:MDN1:SRPK2:CNOT7:TGS1:EIF3E:EIF3H:PSIP1:RPL12:ZRSR2:EIF2S3:RPL10	http://www.broadinstitute.org/gsea/msigdb/cards/GO_RIBONUCLEOPROTEIN_COMPLEX_SUBUNIT_ORGANIZATION
GO_NEGATIVE_REGULATION_OF_CELLULAR_AMIDE_METABOLIC_PROCESS	131	37	5.09297447481e-06	0.000579293199237	AGO4:AGO1:AGO3:ZCCHC11:TPR:NANOS1:CAPRIN1:CNOT2:DICER1:EIF2AK4:PML:IREB2:TNRC6A:CNOT1:RARA:STAT3:UNK:SMAD2:CIRBP:ZNF540:RPL13A:EIF2AK2:PAIP2B:EIF2AK3:PRKRA:GIGYF2:EIF4ENIF1:LIMD1:HNRNPD:BANK1:SMAD1:DROSHA:PURA:CNOT6:SYNCRIP:CNOT7:EIF3E	http://www.broadinstitute.org/gsea/msigdb/cards/GO_NEGATIVE_REGULATION_OF_CELLULAR_AMIDE_METABOLIC_PROCESS
GO_B_CELL_RECEPTOR_SIGNALING_PATHWAY	35	15	5.44796150804e-06	0.000604178931242	PIK3CD:PTPRC:PTPN6:NCKAP1L:PRKCB:PLCG2:NFATC2:IGLL1:RFTN1:KLHL6:CD38:TEC:MEF2C:LYN:SYK	http://www.broadinstitute.org/gsea/msigdb/cards/GO_B_CELL_RECEPTOR_SIGNALING_PATHWAY
GO_CHROMOSOME_ORGANIZATION	982	184	6.24465533608e-06	0.000665171022962	RERE:RCC2:HP1BP3:KDM1A:SCMH1:CDC14A:PMF1:ELK4:SMYD2:TAF5L:MAP10:SMYD3:AHCTF1:ZMYND11:BMI1:TET1:H2AFY2:HHEX:CEP55:TAF5:OBFC1:SMC3:MCMBP:SPTY2D1:MTA2:MEN1:KDM4D:ATM:CHD4:AEBP2:ARID2:SMARCD1:SMARCC2:NAP1L1:PRDM4:PPP1CC:KDM2B:EP400:SAP18:PDS5B:RB1:SETDB2:TDRD3:CCNB1IP1:APEX1:CHD8:ACIN1:BAZ1A:MBIP:MIS18BP1:ZBTB1:MLH3:RPS6KA5:SETD3:MTA1:INO80:RTF1:LEO1:RAB11A:ERCC4:PALB2:PRKCB:SRCAP:SETD1A:KAT8:RBL2:SETD6:TERF2:TP53:CHD3:NCOR1:CENPV:USP22:SUPT6H:COPRS:SUZ12:ZNF207:ZNF830:MSL1:SMARCE1:LEPREL4:KAT2A:KPNB1:BRIP1:CBX2:CBX4:SMCHD1:ESCO1:MBD2:VPS4B:UBA52:FBL:DNMT3A:BRE:RPS27A:M1AP:CHMP3:SAP130:ZRANB3:TLK1:ATF2:TTN:PER2:CSRP2BP:PHF20:CHD6:MRGBP:USP16:HLCS:PPM1F:SETMAR:UBE2E1:CLASP2:PDCD6IP:CTNNB1:SMARCC1:WDR82:ACTR8:DTX3L:STAG1:YEATS2:RNF168:PDS5A:CLOCK:CENPC:UTP3:FAM175A:NAP1L5:SMARCAD1:LEF1:PRDM5:SETD7:ING2:PAPD7:KIF2A:MSH3:RAD50:H2AFY:PURA:NPM1:NSD1:JARID2:KDM1B:HIST1H3B:HIST1H2BM:HIST1H2AL:HIST1H1B:RING1:SUPT3H:HMGN3:ASCC3:BEND3:TSPYL4:L3MBTL3:MYB:SHPRH:LATS1:TNRC18:H2AFV:IKZF1:BAZ1B:MTERF:TRRAP:DNAJC2:PRKDC:TERF1:NBN:ENY2:CHRAC1:SMARCA2:SMC5:SPIN1:PHF2:XPA:SET:GTF3C4:NACC2:TBL1X:BCOR:JADE3:KDM5C:TAF1:UBE2A:BCORL1	http://www.broadinstitute.org/gsea/msigdb/cards/GO_CHROMOSOME_ORGANIZATION
GO_CYTOSKELETON_ORGANIZATION	828	159	6.29783204788e-06	0.000665171022962	PHACTR4:ZMYM6:ZMYM4:FHL3:CAP1:DOCK7:CDC14A:PIP5K1A:RAB13:CDC42BPA:RHOU:CCSAP:MAP10:SDCCAG8:ABI1:PLCE1:NEURL1:SLK:SMC3:WEE1:SWAP70:PAX6:SIPA1:C2CD3:ARRB1:UVRAG:ZNF259:IQSEC3:CHD4:KRAS:NCKAP5L:LIMA1:NCKAP1L:PPP1R12A:HSP90B1:SSH1:WASF3:KATNAL1:LCP1:CFL2:DNAAF2:ACTN1:SIPA1L1:TTLL5:EVL:DYNC1H1:PAK6:INO80:TMOD3:DYX1C1:RAB11A:HDGFRP3:KCTD13:BBS2:GAN:ABR:CHD3:NCOR1:LLGL1:MYO18A:SSH2:NF1:ZNF207:JUP:KPNB1:SLC9A3R1:ACTG1:SOGA2:CEP192:ROCK1:FHOD3:KATNAL2:VPS4B:CNN2:SIPA1L3:ACTN4:CCDC8:IFT172:WDR43:SPAST:WDPCP:VPS54:ACTR2:PLEK:TMSB10:TTL:EPB41L5:WIPF1:TTN:ABI2:ARPC2:KIF3B:PREX1:BCR:NEFH:TTLL1:GHRL:CLASP2:CTNNB1:ULK4:LIMD1:MAP4:RHOA:FLNB:HCLS1:ATP2C1:CEP63:TNIK:MAP6D1:ADD1:HTT:KIT:CEP135:RUFY3:PKD2:ARHGAP10:MAP9:SPEF2:KIF2A:IQGAP2:FER:SEMA6A:CEP120:DIAPH1:ARHGAP26:PPARGC1B:DOCK2:NPM1:DBN1:DTNBP1:RSPH9:WASF1:EPB41L2:MAP7:PDGFA:SCIN:WIPF3:ELMO1:RALA:ACTR3B:TACC1:IKBKB:LRRC6:FAM83H:CNTLN:TLN1:BICD2:CORO2A:TRIM32:CAMSAP1:MID1:SH3KBP1:MAP7D2:RP2:IQSEC2:ZMYM3:TMSB15B:MAP7D3:MTM1	http://www.broadinstitute.org/gsea/msigdb/cards/GO_CYTOSKELETON_ORGANIZATION
GO_REGULATION_OF_TRANSCRIPTION_FROM_RNA_POLYMERASE_II_PROMOTER	1772	307	8.97531176173e-06	0.000925918208722	SKI:PER3:RERE:CTNNBIP1:KDM1A:TCEA3:RUNX3:SLC9A1:GMEB1:ZMYM6:ZMYM4:AGO1:THRAP3:BMP8B:LRP8:CYR61:LMO4:RPAP2:BCL9:ATF6:TPR:ZNF281:ATP2B4:MDM4:ELK4:NUCKS1:SMYD2:TARBP1:SMYD3:ZNF496:ZMYND11:TAF3:MLLT10:BMI1:TFAM:TET1:STOX1:H2AFY2:HHEX:ERLIN1:PPRC1:SUFU:CTBP2:DEAF1:CD81:ZBED5:PAX6:LMO2:TRAF6:MTA2:MEN1:ARRB1:ZNF259:TNFRSF1A:CHD4:ATN1:LRP6:AEBP2:ZNF641:CCNT1:SMARCD1:CSRNP2:TFCP2:SMARCC2:STAT2:NACA:CAND1:CNOT2:PPP1R12A:KDM2B:NCOR2:SAP18:HSPH1:RB1:TFDP1:CHD8:SALL2:EGLN3:HIF1A:ZBTB1:PSEN1:PROX2:TGFB3:PSMC1:RPS6KA5:DICER1:SETD3:ZBTB42:ZNF770:INO80:RTF1:TP53BP1:CTDSPL2:LEO1:NEDD4:ZNF280D:TCF12:RNF111:MAP2K5:NEO1:ZNF710:CRTC3:TFAP4:LITAF:MKL2:PRKCB:ZKSCAN2:SRCAP:RBL2:CNOT1:NFATC3:ZFP90:CRK:TP53:CHD3:NCOR1:SUPT6H:SUZ12:MED1:THRA:RARA:SMARCE1:KAT2A:STAT5A:STAT3:SKAP1:HOXB4:BRIP1:CBX2:CBX4:FOXK2:ZBTB14:TWSG1:IMPACT:RPRD1A:PIAS2:SMAD2:MBD2:TCF4:NFIC:UBA52:CRTC1:ZNF431:ZNF675:ZNF254:URI1:USF2:ZNF345:AKT2:TGFB1:MEGF8:ZNF649:ZNF667:ZSCAN18:ZNF446:E2F6:LPIN1:ATAD2B:DNMT3A:ASXL2:CEBPZ:RPS27A:MEIS1:ANXA4:MXD1:GCFC2:ZC3H8:PAX8:SAP130:CCNT2:ZEB2:ATF2:CARF:NCL:LRRFIP1:PER2:SOX12:PLAGL2:DNMT3B:TGIF2:ZHX3:CHD6:NFATC2:TAF4:MRGBP:GABPA:APP:USP16:PAXBP1:RUNX1:ETS2:ZNF280B:PATZ1:MKL1:ZBED4:BHLHE40:THRB:UBP1:ACVR2B:CTNNB1:SMARCC1:MINA:HCLS1:EAF2:STAG1:ZBTB38:EIF2A:YEATS2:SENP2:RNF168:ZBTB49:CYTL1:ZNF518B:FAM200B:LCORL:RBPJ:NFXL1:CLOCK:PKD2:PPP3CA:NFKB1:LEF1:PRDM5:SMAD1:FNIP2:WWC2:ZNF131:ZFYVE16:MEF2C:PAM:H2AFY:SMAD5:TMEM173:UBE2D2:CXXC5:PURA:PPARGC1B:RPS14:WWC1:NSD1:ZNF354A:ZNF354B:MAML1:DUSP22:RIPK1:RREB1:JARID2:HIST1H1B:FOXP4:SUPT3H:HMGN3:ZNF292:BEND3:MYB:AHI1:PLAGL1:FOXK1:PHF14:IKZF1:GTF2IRD1:SMURF1:NAMPT:CREB3L2:ZNF783:ZBED6CL:CNOT7:ERLIN2:IKBKB:PRKDC:E2F5:RIPK2:MTDH:ENY2:ZHX1:ZFAT:SMARCA2:PSIP1:IFT74:SEMA4D:ZNF189:KIAA1958:PBX3:FUBP3:NACC2:NOTCH1:ABCA2:TBL1X:RPS6KA3:MBTPS2:YY2:BCOR:MED14:MAGED1:IGBP1:MED12:ZMYM3:TAF1:RLIM:ARMCX3:TCEAL8:WBP5:TCEAL4:TCEAL3:TCEAL1:ZNF280C:HTATSF1:MAMLD1	http://www.broadinstitute.org/gsea/msigdb/cards/GO_REGULATION_OF_TRANSCRIPTION_FROM_RNA_POLYMERASE_II_PROMOTER
GO_NEURAL_TUBE_DEVELOPMENT	149	40	9.29151298884e-06	0.000936753445875	SKI:LUZP1:PHACTR4:PRKACB:LMO4:PHGDH:SUFU:DEAF1:PAX6:TRAF6:C2CD3:LRP6:APAF1:KDM2B:TMED2:SALL2:HIF1A:ZFP36L1:PSEN1:RPGRIP1L:TMEM107:NF1:RARA:KAT2A:IFT172:ZEB2:TRAF3IP1:IFT57:DVL3:LIAS:PKD2:INTU:MTHFD1L:RALA:SEMA3C:FZD3:STK3:FZD6:NOTCH1:MED12	http://www.broadinstitute.org/gsea/msigdb/cards/GO_NEURAL_TUBE_DEVELOPMENT
GO_CELL_PROJECTION_ASSEMBLY	263	61	1.54323560639e-05	0.00152128736665	CDC14A:PIP5K1A:NEURL1:C2CD3:RDX:ANO6:RAP1B:BBS10:CEP290:CCDC41:IFT81:TCTN2:RP11-307N16.6:SPATA13:WASF3:ARHGEF7:DNAAF2:KIAA0586:TTLL5:CYFIP1:DYX1C1:CLUAP1:RPGRIP1L:BBS2:TMEM107:NTN1:SLC9A3R1:ROCK1:FXYD5:WDR35:IFT172:CCDC88A:FAM161A:WDPCP:ACTR2:MAP4K4:BBS5:TTC30B:TTC30A:TRAF3IP1:SNAP29:NEFH:TTLL1:ARL6:IFT57:TNIK:KIT:INTU:SPEF2:KIF3A:RSPH9:RAB23:AHI1:PDGFA:SNX10:TMEM67:LRRC6:IFT74:OCRL:MST4:RAP2C:ARHGEF6	http://www.broadinstitute.org/gsea/msigdb/cards/GO_CELL_PROJECTION_ASSEMBLY
GO_NEGATIVE_REGULATION_OF_GENE_EXPRESSION	1481	260	1.69141363012e-05	0.00163111105722	SKI:PER3:RERE:CTNNBIP1:KDM1A:RUNX3:KHDRBS1:AGO4:AGO1:AGO3:SCMH1:ZCCHC11:LRP8:HENMT1:PTPN22:TPR:ZNF281:MDM4:ELK4:SMYD2:TSNAX:ZNF496:ZMYND11:TAF3:BMI1:ZNF438:STOX1:H2AFY2:HHEX:SUFU:PDCD4:NANOS1:CTBP2:DEAF1:TRIM6:RPS13:LGR4:PAX6:CAPRIN1:TRAF6:MTA2:VEGFB:MEN1:ARRB1:PICALM:CHD4:ATN1:AEBP2:IPO8:CCNT1:SMARCC2:NACA:CNOT2:ACACB:SRSF9:KDM2B:BCL7A:NCOR2:SAP18:RB1:SETDB2:GAS6:CHD8:SALL2:ACIN1:HIF1A:ZBTB1:PSEN1:PROX2:ZC3H14:RPS6KA5:DICER1:TRAF3:ZBTB42:EIF2AK4:RTF1:NEDD4:ZNF280D:MAP2K1:MAP2K5:PML:IREB2:ZNF263:TFAP4:TNRC6A:KAT8:BBS2:SETD6:CNOT1:NFATC3:ZFP90:TERF2:CBFA2T3:TP53:NCOR1:LGALS9:SUZ12:MED1:THRA:RARA:SMARCE1:STAT3:CBX1:HOXB4:UNK:CBX2:CBX4:ZBTB14:IMPACT:PIAS2:SMAD2:MBD2:CIRBP:NFIC:NACC1:UBA52:ZNF253:ZNF93:ZNF431:ZNF91:ZNF675:ZNF254:URI1:ZNF345:ZNF540:EID2:AKT2:TGFB1:RPL13A:ZNF649:ZNF154:ZNF418:E2F6:DNMT3A:EIF2AK2:RPS27A:PELI1:ANXA4:MXD1:PAIP2B:GCFC2:EIF2AK3:CNOT11:LIMS1:ZC3H8:SAP130:ZEB2:ATF2:PRKRA:NAB1:GIGYF2:LRRFIP1:PER2:COMMD7:DNMT3B:TGIF2:ZHX3:SRSF6:ADNP:NFATC2:GABPA:ETS2:HIC2:PPM1F:ZNF280B:PATZ1:EIF4ENIF1:RBFOX2:BHLHE40:THRB:UBP1:ACVR2B:CTNNB1:LIMD1:RBM15B:MINA:HCLS1:ZBTB38:YEATS2:RNF168:CD38:RBPJ:NFXL1:CLOCK:HNRNPD:BANK1:NFKB1:LEF1:PRDM5:CCRN4L:SMAD1:FNIP2:WWC2:DROSHA:MEF2C:H2AFY:CXXC5:PURA:PPARGC1B:RPS14:WWC1:NSD1:ZNF354A:ZNF354B:CNOT6:DUSP22:RREB1:JARID2:HIST1H3B:HIST1H2AL:HIST1H1B:RING1:SYNCRIP:UFL1:BEND3:MYB:BCLAF1:FOXK1:RBAK:TNRC18:ZNF12:PHF14:SFRP4:H2AFV:IKZF1:LANCL2:POM121:POM121C:ZP3:CNOT7:HMBOX1:WWP1:MTDH:FZD6:EIF3E:ZHX1:SMARCA2:ZNF658:SEMA4D:TRIM14:ZNF189:PTBP3:TRIM32:SET:NUP214:NACC2:NOTCH1:TBL1X:YY2:BCOR:MAGED1:KDM5C:IGBP1:SNX12:NONO:RLIM:TCEAL1:NKRF:ZBTB33:ZNF280C	http://www.broadinstitute.org/gsea/msigdb/cards/GO_NEGATIVE_REGULATION_OF_GENE_EXPRESSION
GO_MYELOID_CELL_DIFFERENTIATION	189	47	1.80225339301e-05	0.00170102043647	PIK3CD:KDM1A:CSF1:FLVCR1:ABI1:HHEX:SH3PXD2A:TRAF6:LTBR:PTPN6:ZNF385A:NCKAP1L:PTPN11:RB1:ACIN1:ACTN1:PSEN1:TMOD3:PML:KAT8:CBFA2T3:LGALS9:MED1:THRA:HOXB7:PTPN2:TGFB1:MEIS1:CASP10:CASP8:RUNX1:CTNNB1:HCLS1:ADD1:RBPJ:KIT:LEF1:MEF2C:SMAD5:RPS14:L3MBTL3:SNX10:IKZF1:LYN:RPS6:PTBP3:PRKX	http://www.broadinstitute.org/gsea/msigdb/cards/GO_MYELOID_CELL_DIFFERENTIATION
GO_COVALENT_CHROMATIN_MODIFICATION	334	73	2.47681847793e-05	0.00228899307669	KDM1A:ELK4:SMYD2:TAF5L:SMYD3:TAF5:MTA2:MEN1:KDM4D:ATM:CHD4:PRDM4:KDM2B:EP400:SAP18:SETDB2:MBIP:RPS6KA5:SETD3:MTA1:RTF1:LEO1:PRKCB:SRCAP:SETD1A:KAT8:SETD6:CHD3:USP22:COPRS:SUZ12:MSL1:KAT2A:MBD2:FBL:DNMT3A:SAP130:ATF2:PER2:CSRP2BP:PHF20:MRGBP:USP16:HLCS:PPM1F:SETMAR:UBE2E1:WDR82:DTX3L:YEATS2:RNF168:CLOCK:SMARCAD1:LEF1:PRDM5:SETD7:NSD1:KDM1B:RING1:SUPT3H:BEND3:BAZ1B:TRRAP:ENY2:PHF2:GTF3C4:NACC2:TBL1X:BCOR:JADE3:KDM5C:TAF1:UBE2A	http://www.broadinstitute.org/gsea/msigdb/cards/GO_COVALENT_CHROMATIN_MODIFICATION
GO_CYTOSKELETON_DEPENDENT_INTRACELLULAR_TRANSPORT	114	31	5.59477420537e-05	0.00506498334184	KIF1B:KIFAP3:AP3M1:RAB6A:TUBA1A:KIF5A:IFT81:HIF1A:SPG11:AP3S2:RHOT1:ACTN4:WDR35:KIF3C:WDR43:SPAST:TTC30B:TTC30A:TRAF3IP1:KIF16B:KIF3B:APP:IFT57:HTT:MYO10:AP3B1:KIF3A:DTNBP1:KIF13A:IFT74:BICD2	http://www.broadinstitute.org/gsea/msigdb/cards/GO_CYTOSKELETON_DEPENDENT_INTRACELLULAR_TRANSPORT
GO_MACROMOLECULAR_COMPLEX_ASSEMBLY	1378	240	6.05069231769e-05	0.00536817422425	SKI:HP1BP3:RPL11:SLC9A1:AGO4:AGO1:AGO3:NSUN4:ATPAF1:CRYZ:RPF1:ZNHIT6:RBMXL1:RPL5:CDC14A:BCL9:KIFAP3:TPR:MDM4:IKBKE:KCTD3:MAP10:TOMM20:SMYD3:AHCTF1:PDSS1:BMS1:TFAM:H2AFY2:TYSND1:PCBD1:CAMK2G:EIF3A:TRIM6:TRIM22:PIK3C2A:SPTY2D1:EIF3M:TRAF6:PATL1:PRPF19:CPSF7:ATL3:SF1:MEN1:SART1:UVRAG:AQP11:PICALM:CTSC:PANX1:TNFRSF1A:CHD4:MGST1:ANO6:SCAF11:BIN2:EIF4B:NCKAP1L:CAND1:NAP1L1:BBS10:APAF1:ACACB:KCTD10:RPL6:PXN:SRSF9:P2RX4:TMED2:WASF3:IPO5:ERCC5:NUBPL:SEC23A:MIS18BP1:DNAAF2:ZBTB1:TMED10:CCDC88C:DICER1:EVL:DYNC1H1:RYR3:INO80:EHD4:EIF3J:LEO1:RSL24D1:DYX1C1:RAB11A:TLE3:PML:HDGFRP3:CRTC3:SLC9A3R2:TFAP4:KCTD13:TXNL4B:MLKL:PRPF8:P2RX1:TP53:TTC19:NCOR1:CENPV:LLGL1:ZNF207:ACACA:JUP:KPNB1:LUC7L3:SLC9A3R1:KCTD2:SEPT9:CEP192:SMAD2:MBD2:TCF4:MALT1:LMAN1:TXNL4A:CIRBP:NACC1:WIZ:UBA52:CRTC1:KCTD15:EID2:TGFB1:UBE2S:SPAST:RPS27A:GFPT1:M1AP:GCFC2:CHMP3:EIF2AK3:UXS1:NIFK:DARS:WIPF1:TTN:GLS:KCTD18:CASP8:DGKD:SOX12:PLAGL2:KIF3B:SAMHD1:SRSF6:PREX1:PARD6B:CTSZ:USP16:SH3BGR:SNAP29:HSCB:EIF3L:CAND2:ANKRD28:CLASP2:CTNNB1:LIMD1:RHOA:ARL6:RPL24:HCLS1:CEP63:EIF2A:FGFRL1:UBE2K:TMEM33:CENPC:COX18:USO1:SEPT11:SEC31A:NAP1L5:SMARCAD1:LEF1:ANXA5:CCRN4L:CLGN:SMAD1:MAP9:KIF2A:TNPO1:PAM:APC:SEC24A:H2AFY:DIAPH1:CD74:RPS14:GEMIN5:NPM1:RIPK1:KIF13A:ACOT13:HIST1H3B:HIST1H2BM:HIST1H1B:SCUBE3:MDN1:WASF1:TSPYL4:GOPC:SHPRH:COX19:TNRC18:SKAP2:TRRAP:SRPK2:IMMP2L:CNOT7:HGSNAT:TGS1:TERF1:EIF3E:EIF3H:LRRC6:TRAPPC9:DGAT1:PSIP1:UNC13B:XPA:KIAA0368:RPL12:SET:TOR1B:NACC2:SEC16A:ZRSR2:EIF2S3:AMER1:TAF1:MAP7D3:RPL10	http://www.broadinstitute.org/gsea/msigdb/cards/GO_MACROMOLECULAR_COMPLEX_ASSEMBLY
GO_POSITIVE_REGULATION_OF_MOLECULAR_FUNCTION	1776	301	6.22792949746e-05	0.00541707750014	SKI:RCC2:KDM1A:SLC9A1:MAP3K6:PHACTR4:CAP1:LRP8:PPAP2B:DOCK7:PRKACB:CYR61:LMO4:GSTM2:CSF1:PIP5K1A:PEA15:NOS1AP:ABL2:TOR1AIP1:PTPRC:PPP1R12B:ATP2B4:RAB3GAP2:RAB4A:MLK4:CHML:NET1:PRKCQ:RSU1:DNAJC1:BMI1:ABI1:ARHGAP12:ARHGAP22:STOX1:CAMK2G:PLCE1:DNMBP:PPRC1:NEURL1:OBFC1:CASP7:CTBP2:CD81:STIM1:TRIM6:TRIM22:DNAJC24:TRAF6:ARHGAP1:MADD:MEN1:SIPA1:PACS1:ARRB1:PICALM:KDM4D:IQSEC3:ERC1:EFCAB4B:CCND2:CD4:LRP6:ARHGDIB:KRAS:CCNT1:NCKAP1L:AGAP2:CYP27B1:PPP1R12A:APAF1:RIC8B:GIT2:MAPKAPK5:PTPN11:RP11-307N16.6:SPATA13:HSPH1:RCBTB2:SUGT1:DIS3:TBC1D4:ARHGEF7:GAS6:CDC16:ARHGAP5:EGLN3:PSMA6:PRKCH:HIF1A:SIPA1L1:PSEN1:TGFB3:PSMC1:CALM1:RPS6KA5:RIN3:HERC2:TP53BP1:APH1B:PARP16:MAP2K1:MAP2K5:MYO9A:PML:NRG4:TBC1D2B:IQGAP1:CRTC3:RPS2:TFAP4:PRKCB:ARHGAP17:TERF2:PLCG2:VPS9D1:ABR:CRK:P2RX1:LLGL1:LGALS9:GIT1:NF1:MED1:RARA:JUP:DNAJC7:KAT2A:STAT3:RUNDC1:CRHR1:ITGB3:ITGB3:TOM1L1:TRIM25:STRADA:TBC1D16:SOGA2:MALT1:GNA15:SH2D3A:VAV1:MYO9B:UBA52:CRTC1:UBA2:SIPA1L3:ACTN4:GMFG:AKT2:TGFB1:CARD8:UBE2S:ITSN2:ADCY3:EIF2AK2:CDC42EP3:SOS1:RPS27A:CCDC88A:PLEK:ARHGAP25:EIF2AK3:TBC1D8:LIMS1:ANAPC1:EPB41L5:RALB:CCNT2:RAB3GAP1:ARHGAP15:ZEB2:PKP4:ATF2:PRKRA:DNAJC10:DUSP19:SLC39A10:CASP8:PTPRA:RALGAPA2:PREX1:ADNP:VAPB:RGS19:APP:PPM1F:BCR:DEPDC5:MAPK12:SETMAR:GHRL:TBC1D5:UBE2E1:NEK10:ACVR2B:CTNNB1:RHOA:MAPKAPK3:DUSP7:DENND6A:ARL6IP5:IFT57:ADPRH:PLXND1:PIK3CB:RASA2:AGTR1:TNIK:TNFSF10:DVL3:PAK2:ADD1:HTT:CYTL1:TBC1D19:STIM2:TBC1D1:KIT:CLOCK:PKD2:PPP3CA:NFKB1:TBCK:PDE5A:ARHGAP10:MAP3K1:IQGAP2:F2R:MSH3:RASGRF2:MEF2C:FER:RAD50:PPP2CA:TMEM173:ARHGAP26:PPARGC1B:CD74:GM2A:CYFIP2:DOCK2:LCP2:NPM1:MAPK9:CNOT6:RIPK1:HSP90AB1:AKAP7:STXBP5:PDCD2:PDGFA:CARD11:CYTH3:ELMO1:ADCY1:BAZ1B:ZP3:DNAJC2:PRKAR2B:CASP2:FAM115A:PRKAG2:TNFRSF10A:DOCK5:HMBOX1:IKBKB:FNTA:RGS20:LYN:NSMAF:ARFGEF1:RIPK2:NBN:MTDH:STK3:TRAPPC9:DENND3:DOCK8:DENND4C:ALDH1A1:GNAQ:SEMA4D:SYK:CDC14B:TRIM14:TGFBR1:TRIM32:RAPGEF1:GTF3C4:MBTPS2:RP2:MAGED1:IQSEC2:ARHGEF9:IL2RG:CHM:NGFRAP1:TBC1D8B:OCRL:CD40LG:ARHGEF6	http://www.broadinstitute.org/gsea/msigdb/cards/GO_POSITIVE_REGULATION_OF_MOLECULAR_FUNCTION
GO_REGULATION_OF_TRANSLATIONAL_INITIATION	81	24	6.60432845445e-05	0.00563400019691	EIF4G3:KHDRBS1:UHMK1:TPR:EIF3A:EIF3M:EIF4B:DNAJC3:EIF2AK4:EIF3J:RARA:RPS6KB1:IMPACT:RPL13A:EIF2AK2:PAIP2B:EIF2AK3:EIF5B:YTHDF1:EIF3L:BANK1:NPM1:EIF3E:EIF3H	http://www.broadinstitute.org/gsea/msigdb/cards/GO_REGULATION_OF_TRANSLATIONAL_INITIATION
GO_GOLGI_TO_ENDOSOME_TRANSPORT	19	9	7.3562020779e-05	0.0060655032282	RAB7L1:MON2:TGOLN2:KIF16B:SYS1:DOPEY2:AP1AR:VPS13A:RAB14	http://www.broadinstitute.org/gsea/msigdb/cards/GO_GOLGI_TO_ENDOSOME_TRANSPORT
GO_GOLGI_VESICLE_TRANSPORT	316	68	7.38361529132e-05	0.0060655032282	MACF1:GOLPH3L:KIFAP3:RAB7L1:MIA3:ATL3:PACS1:RAB6A:UVRAG:CTSC:ARCN1:ARF3:KIF5A:MON2:TMED2:COG6:COG3:GAS6:SEC23A:TMED10:DYNC1H1:KLC1:SCAMP2:BBS2:AP1G1:LLGL1:RAB34:MYO18A:GOSR1:LMAN1:ATP9B:USE1:KDELR1:KIF3C:SPAST:VPS54:TGOLN2:KIF16B:KIF3B:SYS1:VAPB:CTSZ:DOPEY2:PICK1:ANKRD28:HTT:EXOC1:USO1:SEC31A:AP1AR:KIF2A:SCAMP1:KIF3A:SEC24A:ERGIC1:KIF13A:GOPC:CYTH3:COG5:COPG2:CREB3L2:RAB2A:TRAPPC9:NRBP2:VPS13A:RAB14:SEC16A:RP2	http://www.broadinstitute.org/gsea/msigdb/cards/GO_GOLGI_VESICLE_TRANSPORT
GO_POSTTRANSCRIPTIONAL_GENE_SILENCING	42	15	8.52764669299e-05	0.00687272890886	AGO4:AGO1:AGO3:ZCCHC11:DICER1:TNRC6A:CNOT1:STAT3:SMAD2:PRKRA:LIMD1:SMAD1:DROSHA:CNOT6:CNOT7	http://www.broadinstitute.org/gsea/msigdb/cards/GO_POSTTRANSCRIPTIONAL_GENE_SILENCING
GO_CELL_CYCLE	1308	228	8.67612305897e-05	0.00687272890886	RCC2:KHDRBS1:MACF1:CDC14A:PHGDH:NOTCH2:ENSA:PMF1:PEA15:UHMK1:TPR:PTPRC:ARL8A:PPP1R12B:MDM4:TP53BP2:RHOU:CCSAP:MAP10:SDCCAG8:AHCTF1:ZMYND11:STOX1:CAMK2G:ANXA11:KLLN:CEP55:MARVELD1:SMC3:MCMBP:PPP2R2D:WEE1:PAX6:PRPF19:MEN1:SART1:C2CD3:UVRAG:CUL5:NPAT:ATM:DIXDC1:ZNF259:CCND2:CHD4:PTPN6:BCAT1:KLHL42:CCNT1:TUBA1A:ZNF385A:CYP27B1:CNOT2:PPP1R12A:CEP290:USP44:PPP1CC:PTPN11:CDK2AP1:ANKLE2:PDS5B:RB1:SETDB2:NEK3:SUGT1:TFDP1:GAS6:CDC16:CCNB1IP1:PSMA6:FANCM:MIS18BP1:MLH3:PSMC1:CALM1:DYNC1H1:EIF2AK4:PAK6:INO80:TP53BP1:MAPK6:ARPP19:RAB11A:MAP2K1:PML:RAB11FIP3:ERCC4:PRKCB:RBL2:CNOT1:PARD6A:DPEP3:TERF2:TXNL4B:TP53:CHD3:TTC19:NCOR1:CENPV:LLGL1:USP22:ZNF207:ZNF830:LIG3:LEPREL4:KPNB1:RPS6KB1:BRIP1:STRADA:SEPT9:CEP192:ESCO1:MAPRE2:VPS4B:TXNL4A:PARD6G:UBA52:TGFB1:UBE2S:E2F6:LPIN1:ADCY3:DNMT3A:CGREF1:BRE:WDR43:SPAST:BIRC6:EML4:RPS27A:ACTR2:ALMS1:M1AP:CHMP3:CNOT11:ANAPC1:RALB:CCNT2:RIF1:TLK1:ATF2:TTN:GIGYF2:CSNK2A1:MCM8:CSRP2BP:KIF3B:PARD6B:CABLES2:USP16:MAPK12:SETMAR:UBE2E1:CLASP2:PDCD6IP:CTNNB1:MAP4:RHOA:ACTR8:CEP63:STAG1:ATR:PAK2:HTT:ZBTB49:PDS5A:CLOCK:CEP135:CENPC:SEPT11:FAM175A:PKD2:SMARCAD1:PPP3CA:PRDM5:MAP9:ING2:PAPD7:KIF2A:MSH3:FER:APC:CEP120:RAD50:PPP2CA:NPM1:CNOT6:KIF13A:E2F3:ZNF318:CDC5L:PTP4A1:HACE1:PLAGL1:LATS1:RALA:HUS1:IKZF1:POM121:POM121C:YWHAG:DMTF1:CDK14:CDK6:PRKAR2B:CASP2:PRKAG2:CNOT7:TACC1:PRKDC:TERF1:NBN:RPS6:SMC5:CDK20:SPIN1:CDC14B:TGFBR1:CNTRL:NUP214:SDCCAG3:TXLNG:RPS6KA3:GSPT2:TAF1:KLHL13:SEPT6:MST4	http://www.broadinstitute.org/gsea/msigdb/cards/GO_CELL_CYCLE
GO_DEPHOSPHORYLATION	284	62	9.22515479481e-05	0.00706992870747	PPAP2B:RPAP2:CDC14A:CTTNBP2NL:PTPN22:ATP1A1:ACP6:PTPRC:CAMK2G:INPP5F:PTPRE:UBASH3B:PTPN6:PPM1H:PPP1R12A:SSH1:PPP1CC:PTPN11:APEX1:STYX:CTDSPL2:CPPED1:PDPR:SSH2:NT5C3B:DUSP3:G6PC3:IMPA2:PTPN2:RPRD1A:ACPT:LPIN1:NT5C1B:SMEK2:DUSP11:INPP4A:PTPN18:DUSP19:INPP1:PTPRA:PPP1R3D:PPM1F:CTDSPL:PTPN23:DUSP7:ACPL2:PPM1K:PPP3CA:PPP2CA:DUSP22:PTP4A1:NT5DC1:EPHX2:PPAPDC1B:POLB:IMPAD1:IMPA1:PDP1:CDC14B:OCRL:MTM1:MTMR1	http://www.broadinstitute.org/gsea/msigdb/cards/GO_DEPHOSPHORYLATION
GO_PRE_MIRNA_PROCESSING	13	7	9.24382022167e-05	0.00706992870747	AGO4:AGO1:AGO3:ZCCHC11:DICER1:PRKRA:DROSHA	http://www.broadinstitute.org/gsea/msigdb/cards/GO_PRE_MIRNA_PROCESSING
GO_NUCLEAR_TRANSPORT	353	74	9.41745439281e-05	0.00708064876042	RERE:SRRM1:RAB13:SMG7:TPR:RAB7L1:RHOU:RAB4A:UPF2:HHEX:IPO7:RAB6A:RAB30:RAB38:KRAS:IPO8:HNRNPA1:SARNP:RAP1B:SRSF9:XPO4:IPO5:UPF3A:STYX:TGFB3:RAB27A:RAB11A:ANP32A:PML:XPO6:DDX19B:RAB34:RPL23:CASC3:STAT3:KPNB1:STRADA:RAB37:ALYREF:RAB40B:RAB27B:MALT1:TGFB1:RALB:SRSF6:PTTG1IP:CTNNB1:RBM15B:CBLB:NMD3:FYTTD1:FIP1L1:PPP3CA:RAB3C:TNPO1:F2R:GEMIN5:NPM1:RAB23:KPNA5:RALA:POM121:POM121C:SMURF1:TGS1:RAB2A:ENY2:PSIP1:SYK:RAB14:SET:NUP214:THOC2:RBMX2	http://www.broadinstitute.org/gsea/msigdb/cards/GO_NUCLEAR_TRANSPORT
GO_CELL_DIVISION	460	92	0.000103836462735	0.00767697581154	RCC2:DOCK7:CDC14A:ENSA:PMF1:TPR:ARL8A:CCSAP:MAP10:AHCTF1:STOX1:ANXA11:CEP55:SMC3:MCMBP:PPP2R2D:WEE1:DIXDC1:CCND2:KLHL42:CCNT1:TUBA1A:USP44:PPP1CC:ANKLE2:PDS5B:RB1:SETDB2:NEK3:CDC16:MIS18BP1:INO80:ARPP19:RAB11A:RAB11FIP3:PARD6A:TTC19:CENPV:ZNF207:ZNF830:LIG3:HOXB4:SEPT9:MAPRE2:VPS4B:TXNL4A:PARD6G:UBE2S:BRE:SPAST:BIRC6:ZFP36L2:ACTR2:CHMP3:ANAPC1:RALB:CCNT2:PARD6B:CABLES2:USP16:CLASP2:PDCD6IP:MAP4:RHOA:ACTR8:CEP63:STAG1:PIK3CB:PDS5A:KIT:CENPC:SEPT11:LEF1:MAP9:ING2:PAPD7:KIF2A:APC:KIF13A:LATS1:RALA:CDK14:CDK6:TACC1:TERF1:SMC5:CDK20:CNTRL:SDCCAG3:NOTCH1:KLHL13:SEPT6	http://www.broadinstitute.org/gsea/msigdb/cards/GO_CELL_DIVISION
GO_VACUOLAR_TRANSPORT	246	55	0.000107246900846	0.00779913528119	SNX27:RAB13:RAB7L1:AP3M1:SLC18A2:RAB6A:PICALM:RAB38:VPS26B:ERC1:MON2:EEA1:GNPTAB:VPS37B:VPS36:VIPAS39:EHD4:VPS39:NEDD4:RAB11A:RAB11FIP3:VPS35:AP1G1:GOSR1:LMAN1:VPS4B:USE1:UBA52:RPS27A:VPS54:ALMS1:TGOLN2:CHMP3:TGFBRAP1:KIF16B:SYS1:STX16:DOPEY2:HMGXB4:MICALL1:TBC1D5:AP1AR:ANKRD50:AP3B1:ARSB:ZFYVE16:RHOBTB3:KIF13A:SMURF1:HGSNAT:DENND3:VPS13A:RAB14:SDCCAG3:MTM1	http://www.broadinstitute.org/gsea/msigdb/cards/GO_VACUOLAR_TRANSPORT
GO_SMALL_GTPASE_MEDIATED_SIGNAL_TRANSDUCTION	349	73	0.000111713713344	0.00799293600635	GNB1:PHACTR4:DOCK7:NRAS:RAB13:ARL8A:RAB7L1:RHOU:RAB4A:PLCE1:ARHGAP1:RAB6A:RAB30:RAB38:KRAS:ARF3:AGAP2:RAP1B:MAPKAPK5:RB1:ARHGAP5:SYNJ2BP:CYFIP1:RAB27A:RAB11A:IQGAP1:GPR56:ABR:TP53:NTN1:RAB34:NF1:RHOT1:KPNB1:RAB37:RAB40B:ROCK1:RAB27B:SH2D3A:VAV1:MYO9B:CDC42EP3:SOS1:RALB:ABI2:RGS19:NKIRAS1:RHOA:MAPKAPK3:ARL6:RABL3:AGTR1:RHOH:ARL9:ARL15:RAB3C:IQGAP2:RASGRF2:RHOBTB3:DOCK2:RREB1:RAB23:HACE1:WASF1:ELMO1:RALA:RHOBTB2:DOCK5:RAB2A:DOCK8:RAB14:RAPGEF1:RAP2C	http://www.broadinstitute.org/gsea/msigdb/cards/GO_SMALL_GTPASE_MEDIATED_SIGNAL_TRANSDUCTION
GO_GOLGI_TO_VACUOLE_TRANSPORT	27	11	0.000115619195851	0.00814105956818	RAB7L1:MON2:AP1G1:VPS54:TGOLN2:KIF16B:SYS1:DOPEY2:AP1AR:VPS13A:RAB14	http://www.broadinstitute.org/gsea/msigdb/cards/GO_GOLGI_TO_VACUOLE_TRANSPORT
GO_MICROVILLUS_ORGANIZATION	20	9	0.000128798608236	0.00892735353336	RDX:RAP1B:PTPN11:SLC9A3R1:FXYD5:MAP4K4:TNIK:MST4:RAP2C	http://www.broadinstitute.org/gsea/msigdb/cards/GO_MICROVILLUS_ORGANIZATION
GO_NEURAL_TUBE_FORMATION	94	26	0.000135548815794	0.00925068533634	SKI:LUZP1:PHACTR4:PRKACB:LMO4:SUFU:DEAF1:TRAF6:LRP6:APAF1:KDM2B:TMED2:HIF1A:RARA:KAT2A:IFT172:ZEB2:IFT57:DVL3:LIAS:MTHFD1L:RALA:FZD3:STK3:FZD6:MED12	http://www.broadinstitute.org/gsea/msigdb/cards/GO_NEURAL_TUBE_FORMATION
GO_INTRACELLULAR_SIGNAL_TRANSDUCTION	1559	265	0.000139881628891	0.00930648912544	GNB1:PIK3CD:SLC9A1:MAP3K6:PHACTR4:AGO4:AGO1:AGO3:DOCK7:GSTM2:NRAS:MLLT11:THEM4:RAB13:PEA15:TPR:ARL8A:MDM4:RAB7L1:IKBKE:RASSF5:TP53BP2:ITPKB:CDC42BPA:RHOU:RAB4A:MLK4:NET1:ASB13:PRKCQ:CAMK2G:PLCE1:DNMBP:INPP5F:PIK3C2A:TRAF6:ARHGAP1:PRPF19:MEN1:SIPA1:SART1:RAB6A:RAB30:RAB38:AMOTL1:CASP4:CUL5:ATM:RDX:IL18:ERC1:TNFRSF1A:PTPN6:KRAS:ITPR2:ARF3:ZNF385A:STAT2:AGAP2:DYRK2:RAP1B:CNOT2:APAF1:ATP2A2:MAPKAPK5:PTPN11:CAMKK2:TNFRSF19:AKAP11:LCP1:RB1:ARHGEF7:TFDP1:GAS6:BCL2L2:ARHGAP5:PSMA6:ERO1L:PRKCH:SYNJ2BP:PSEN1:PSMC1:CALM1:RPS6KA5:CCDC88C:CYFIP1:TYRO3:MAPK6:RAB27A:POLR2M:RAB11A:MAP2K1:MAP2K5:ANP32A:MYO9A:PML:NRG4:IQGAP1:MCTP2:TFAP4:PRKCB:TNRC6A:RBL2:GPR56:CNOT1:PLCG2:ABR:TP53:NTN1:LGALS9:RAB34:NF1:RHOT1:MED1:STAT5A:STAT3:KPNB1:DGKE:RPS6KB1:RAB37:SLC9A3R1:RAB40B:ROCK1:SMAD2:RAB27B:MALT1:SOCS6:SH2D3A:VAV1:MYO9B:UBA52:ZNF675:AKT2:TGFB1:ADCY3:CDC42EP3:SOS1:RPS27A:CCDC88A:PLEK:MOB1A:EIF2AK3:CNOT11:MAP4K4:RALB:TLK1:PDK1:DNAJC10:CASP8:ABI2:PLCD4:DGKD:PTPRA:PREX1:NFATC2:RGS19:RCAN1:PRODH:PI4KA:PPM1F:BCR:DEPDC5:MAPK12:NKIRAS1:STAC:PLCD1:RHOA:MAPKAPK3:DUSP7:FHIT:ARL6IP5:ARL6:RABL3:HCLS1:CEP63:PIK3CB:RASA2:AGTR1:TNIK:ZMAT3:DVL3:UBE2K:RHOH:TEC:KIT:EXOC1:ARL9:PKD2:PPP3CA:NFKB1:TIFA:SMAD1:GUCY1B3:FNIP2:ARL15:MAP3K1:RAB3C:IQGAP2:F2R:RASGRF2:MEF2C:RHOBTB3:FER:PJA2:PPP2CA:WWC1:DOCK2:LCP2:NPM1:MAPK9:CNOT6:RIPK1:RREB1:CDC5L:RAB23:IRAK1BP1:HACE1:WASF1:TRAF3IP2:AKAP7:PLAGL1:LATS1:TULP4:PDGFA:ELMO1:RALA:ADCY1:ZP3:TRIP6:SRPK2:PRKAR2B:AKR1B1:CASP2:PRKAG2:CNOT7:RHOBTB2:TNFRSF10A:DOCK5:IKBKB:POLB:PRKDC:LYN:RAB2A:RIPK2:NBN:STK3:NRBP2:DOCK8:RPS6:UNC13B:TJP2:SYK:XPA:CORO2A:TGFBR1:RAB14:MAPKAP1:RAPGEF1:ASB9:RPS6KA3:IL2RG:ZBTB33:RAP2C:CD40LG:ARHGEF6	http://www.broadinstitute.org/gsea/msigdb/cards/GO_INTRACELLULAR_SIGNAL_TRANSDUCTION
GO_IMMUNE_RESPONSE_REGULATING_CELL_SURFACE_RECEPTOR_SIGNALING_PATHWAY	288	62	0.000140562392111	0.00930648912544	PIK3CD:PRKACB:NRAS:PTPRC:PRKCQ:ABI1:TRAF6:CD4:PTPN6:KRAS:NCKAP1L:PSMA6:PSEN1:PSMC1:CALM1:RPS6KA5:CYFIP1:SPG21:PRKCB:NFATC3:PLCG2:CRK:SKAP1:ACTG1:MALT1:VAV1:ICAM3:UBA52:SOS1:RPS27A:ACTR2:WIPF1:ARPC2:NFATC2:IGLL1:RFTN1:PIK3CB:KLHL6:PAK2:CD38:TEC:KIT:PPP3CA:NFKB1:MYO10:MAP3K1:MEF2C:FER:UBE2D2:CYFIP2:LCP2:MAPK9:BTN3A1:HSP90AB1:TNFRSF21:CARD11:WIPF3:ELMO1:IKBKB:LYN:RIPK2:SYK	http://www.broadinstitute.org/gsea/msigdb/cards/GO_IMMUNE_RESPONSE_REGULATING_CELL_SURFACE_RECEPTOR_SIGNALING_PATHWAY
